sex,x,L,M,S
M,65.0,-0.3521,7.4327,0.08217
M,65.1,-0.3521,7.4563,0.08216
M,65.2,-0.3521,7.4799,0.08216
M,65.3,-0.3521,7.5034,0.08215
M,65.4,-0.3521,7.5269,0.08214
M,65.5,-0.3521,7.5504,0.08214
M,65.6,-0.3521,7.5738,0.08214
M,65.7,-0.3521,7.5973,0.08213
M,65.8,-0.3521,7.6206,0.08213
M,65.9,-0.3521,7.644,0.08213
M,66.0,-0.3521,7.6673,0.08212
M,66.1,-0.3521,7.6906,0.08212
M,66.2,-0.3521,7.7138,0.08212
M,66.3,-0.3521,7.737,0.08212
M,66.4,-0.3521,7.7602,0.08212
M,66.5,-0.3521,7.7834,0.08212
M,66.6,-0.3521,7.8065,0.08212
M,66.7,-0.3521,7.8296,0.08212
M,66.8,-0.3521,7.8526,0.08212
M,66.9,-0.3521,7.8757,0.08212
M,67.0,-0.3521,7.8986,0.08213
M,67.1,-0.3521,7.9216,0.08213
M,67.2,-0.3521,7.9445,0.08213
M,67.3,-0.3521,7.9674,0.08214
M,67.4,-0.3521,7.9903,0.08214
M,67.5,-0.3521,8.0132,0.08214
M,67.6,-0.3521,8.036,0.08215
M,67.7,-0.3521,8.0588,0.08215
M,67.8,-0.3521,8.0816,0.08216
M,67.9,-0.3521,8.1044,0.08217
M,68.0,-0.3521,8.1272,0.08217
M,68.1,-0.3521,8.15,0.08218
M,68.2,-0.3521,8.1727,0.08219
M,68.3,-0.3521,8.1955,0.08219
M,68.4,-0.3521,8.2183,0.0822
M,68.5,-0.3521,8.241,0.08221
M,68.6,-0.3521,8.2638,0.08222
M,68.7,-0.3521,8.2865,0.08223
M,68.8,-0.3521,8.3092,0.08224
M,68.9,-0.3521,8.332,0.08225
M,69.0,-0.3521,8.3547,0.08226
M,69.1,-0.3521,8.3774,0.08227
M,69.2,-0.3521,8.4001,0.08228
M,69.3,-0.3521,8.4227,0.08229
M,69.4,-0.3521,8.4454,0.0823
M,69.5,-0.3521,8.468,0.08231
M,69.6,-0.3521,8.4906,0.08232
M,69.7,-0.3521,8.5132,0.08233
M,69.8,-0.3521,8.5358,0.08235
M,69.9,-0.3521,8.5583,0.08236
M,70.0,-0.3521,8.5808,0.08237
M,70.1,-0.3521,8.6032,0.08238
M,70.2,-0.3521,8.6257,0.0824
M,70.3,-0.3521,8.648,0.08241
M,70.4,-0.3521,8.6704,0.08242
M,70.5,-0.3521,8.6927,0.08243
M,70.6,-0.3521,8.715,0.08245
M,70.7,-0.3521,8.7372,0.08246
M,70.8,-0.3521,8.7594,0.08248
M,70.9,-0.3521,8.7815,0.08249
M,71.0,-0.3521,8.8036,0.0825
M,71.1,-0.3521,8.8257,0.08252
M,71.2,-0.3521,8.8477,0.08253
M,71.3,-0.3521,8.8697,0.08254
M,71.4,-0.3521,8.8916,0.08256
M,71.5,-0.3521,8.9135,0.08257
M,71.6,-0.3521,8.9353,0.08259
M,71.7,-0.3521,8.9571,0.0826
M,71.8,-0.3521,8.9788,0.08262
M,71.9,-0.3521,9.0005,0.08263
M,72.0,-0.3521,9.0221,0.08264
M,72.1,-0.3521,9.0436,0.08266
M,72.2,-0.3521,9.0651,0.08267
M,72.3,-0.3521,9.0865,0.08269
M,72.4,-0.3521,9.1079,0.0827
M,72.5,-0.3521,9.1292,0.08272
M,72.6,-0.3521,9.1504,0.08273
M,72.7,-0.3521,9.1716,0.08274
M,72.8,-0.3521,9.1927,0.08276
M,72.9,-0.3521,9.2137,0.08277
M,73.0,-0.3521,9.2347,0.08278
M,73.1,-0.3521,9.2557,0.0828
M,73.2,-0.3521,9.2766,0.08281
M,73.3,-0.3521,9.2974,0.08283
M,73.4,-0.3521,9.3182,0.08284
M,73.5,-0.3521,9.339,0.08285
M,73.6,-0.3521,9.3597,0.08287
M,73.7,-0.3521,9.3803,0.08288
M,73.8,-0.3521,9.401,0.08289
M,73.9,-0.3521,9.4215,0.0829
M,74.0,-0.3521,9.442,0.08292
M,74.1,-0.3521,9.4625,0.08293
M,74.2,-0.3521,9.4829,0.08294
M,74.3,-0.3521,9.5032,0.08295
M,74.4,-0.3521,9.5235,0.08297
M,74.5,-0.3521,9.5438,0.08298
M,74.6,-0.3521,9.5639,0.08299
M,74.7,-0.3521,9.5841,0.083
M,74.8,-0.3521,9.6041,0.08301
M,74.9,-0.3521,9.6241,0.08302
M,75.0,-0.3521,9.644,0.08303
M,75.1,-0.3521,9.6639,0.08305
M,75.2,-0.3521,9.6836,0.08306
M,75.3,-0.3521,9.7033,0.08307
M,75.4,-0.3521,9.723,0.08307
M,75.5,-0.3521,9.7425,0.08308
M,75.6,-0.3521,9.762,0.08309
M,75.7,-0.3521,9.7814,0.0831
M,75.8,-0.3521,9.8007,0.08311
M,75.9,-0.3521,9.82,0.08312
M,76.0,-0.3521,9.8392,0.08312
M,76.1,-0.3521,9.8583,0.08313
M,76.2,-0.3521,9.8773,0.08314
M,76.3,-0.3521,9.8963,0.08314
M,76.4,-0.3521,9.9152,0.08315
M,76.5,-0.3521,9.9341,0.08315
M,76.6,-0.3521,9.9528,0.08316
M,76.7,-0.3521,9.9716,0.08316
M,76.8,-0.3521,9.9902,0.08317
M,76.9,-0.3521,10.0088,0.08317
M,77.0,-0.3521,10.0274,0.08317
M,77.1,-0.3521,10.0459,0.08318
M,77.2,-0.3521,10.0643,0.08318
M,77.3,-0.3521,10.0827,0.08318
M,77.4,-0.3521,10.1011,0.08318
M,77.5,-0.3521,10.1194,0.08318
M,77.6,-0.3521,10.1377,0.08318
M,77.7,-0.3521,10.1559,0.08318
M,77.8,-0.3521,10.1741,0.08318
M,77.9,-0.3521,10.1923,0.08317
M,78.0,-0.3521,10.2105,0.08317
M,78.1,-0.3521,10.2286,0.08317
M,78.2,-0.3521,10.2468,0.08316
M,78.3,-0.3521,10.2649,0.08316
M,78.4,-0.3521,10.2831,0.08315
M,78.5,-0.3521,10.3012,0.08315
M,78.6,-0.3521,10.3194,0.08314
M,78.7,-0.3521,10.3376,0.08313
M,78.8,-0.3521,10.3558,0.08313
M,78.9,-0.3521,10.3741,0.08312
M,79.0,-0.3521,10.3923,0.08311
M,79.1,-0.3521,10.4107,0.0831
M,79.2,-0.3521,10.4291,0.08309
M,79.3,-0.3521,10.4475,0.08308
M,79.4,-0.3521,10.466,0.08307
M,79.5,-0.3521,10.4845,0.08305
M,79.6,-0.3521,10.5031,0.08304
M,79.7,-0.3521,10.5217,0.08303
M,79.8,-0.3521,10.5405,0.08301
M,79.9,-0.3521,10.5592,0.083
M,80.0,-0.3521,10.5781,0.08298
M,80.1,-0.3521,10.597,0.08297
M,80.2,-0.3521,10.6161,0.08295
M,80.3,-0.3521,10.6352,0.08293
M,80.4,-0.3521,10.6544,0.08291
M,80.5,-0.3521,10.6737,0.0829
M,80.6,-0.3521,10.6931,0.08288
M,80.7,-0.3521,10.7126,0.08286
M,80.8,-0.3521,10.7322,0.08284
M,80.9,-0.3521,10.752,0.08282
M,81.0,-0.3521,10.7718,0.08279
M,81.1,-0.3521,10.7918,0.08277
M,81.2,-0.3521,10.8119,0.08275
M,81.3,-0.3521,10.8321,0.08273
M,81.4,-0.3521,10.8524,0.0827
M,81.5,-0.3521,10.8728,0.08268
M,81.6,-0.3521,10.8934,0.08265
M,81.7,-0.3521,10.9142,0.08263
M,81.8,-0.3521,10.935,0.0826
M,81.9,-0.3521,10.956,0.08258
M,82.0,-0.3521,10.9772,0.08255
M,82.1,-0.3521,10.9985,0.08252
M,82.2,-0.3521,11.0199,0.08249
M,82.3,-0.3521,11.0415,0.08246
M,82.4,-0.3521,11.0632,0.08244
M,82.5,-0.3521,11.0851,0.08241
M,82.6,-0.3521,11.1071,0.08238
M,82.7,-0.3521,11.1293,0.08235
M,82.8,-0.3521,11.1516,0.08231
M,82.9,-0.3521,11.174,0.08228
M,83.0,-0.3521,11.1966,0.08225
M,83.1,-0.3521,11.2193,0.08222
M,83.2,-0.3521,11.2422,0.08219
M,83.3,-0.3521,11.2651,0.08215
M,83.4,-0.3521,11.2882,0.08212
M,83.5,-0.3521,11.3114,0.08209
M,83.6,-0.3521,11.3347,0.08205
M,83.7,-0.3521,11.3581,0.08202
M,83.8,-0.3521,11.3817,0.08198
M,83.9,-0.3521,11.4053,0.08195
M,84.0,-0.3521,11.429,0.08191
M,84.1,-0.3521,11.4529,0.08188
M,84.2,-0.3521,11.4768,0.08184
M,84.3,-0.3521,11.5007,0.08181
M,84.4,-0.3521,11.5248,0.08177
M,84.5,-0.3521,11.549,0.08174
M,84.6,-0.3521,11.5732,0.0817
M,84.7,-0.3521,11.5975,0.08166
M,84.8,-0.3521,11.6218,0.08163
M,84.9,-0.3521,11.6462,0.08159
M,85.0,-0.3521,11.6707,0.08156
M,85.1,-0.3521,11.6952,0.08152
M,85.2,-0.3521,11.7198,0.08148
M,85.3,-0.3521,11.7444,0.08145
M,85.4,-0.3521,11.769,0.08141
M,85.5,-0.3521,11.7937,0.08138
M,85.6,-0.3521,11.8184,0.08134
M,85.7,-0.3521,11.8431,0.08131
M,85.8,-0.3521,11.8678,0.08128
M,85.9,-0.3521,11.8926,0.08124
M,86.0,-0.3521,11.9173,0.08121
M,86.1,-0.3521,11.9421,0.08118
M,86.2,-0.3521,11.9668,0.08114
M,86.3,-0.3521,11.9916,0.08111
M,86.4,-0.3521,12.0163,0.08108
M,86.5,-0.3521,12.0411,0.08105
M,86.6,-0.3521,12.0658,0.08102
M,86.7,-0.3521,12.0905,0.08099
M,86.8,-0.3521,12.1152,0.08096
M,86.9,-0.3521,12.1398,0.08093
M,87.0,-0.3521,12.1645,0.0809
M,87.1,-0.3521,12.1891,0.08087
M,87.2,-0.3521,12.2136,0.08084
M,87.3,-0.3521,12.2382,0.08082
M,87.4,-0.3521,12.2627,0.08079
M,87.5,-0.3521,12.2871,0.08076
M,87.6,-0.3521,12.3116,0.08074
M,87.7,-0.3521,12.336,0.08071
M,87.8,-0.3521,12.3603,0.08069
M,87.9,-0.3521,12.3846,0.08067
M,88.0,-0.3521,12.4089,0.08064
M,88.1,-0.3521,12.4332,0.08062
M,88.2,-0.3521,12.4574,0.0806
M,88.3,-0.3521,12.4815,0.08058
M,88.4,-0.3521,12.5057,0.08056
M,88.5,-0.3521,12.5298,0.08054
M,88.6,-0.3521,12.5538,0.08052
M,88.7,-0.3521,12.5778,0.0805
M,88.8,-0.3521,12.6017,0.08048
M,88.9,-0.3521,12.6257,0.08047
M,89.0,-0.3521,12.6495,0.08045
M,89.1,-0.3521,12.6734,0.08044
M,89.2,-0.3521,12.6972,0.08042
M,89.3,-0.3521,12.7209,0.08041
M,89.4,-0.3521,12.7446,0.08039
M,89.5,-0.3521,12.7683,0.08038
M,89.6,-0.3521,12.792,0.08037
M,89.7,-0.3521,12.8156,0.08035
M,89.8,-0.3521,12.8392,0.08034
M,89.9,-0.3521,12.8628,0.08033
M,90.0,-0.3521,12.8864,0.08032
M,90.1,-0.3521,12.9099,0.08031
M,90.2,-0.3521,12.9334,0.0803
M,90.3,-0.3521,12.9569,0.0803
M,90.4,-0.3521,12.9804,0.08029
M,90.5,-0.3521,13.0038,0.08028
M,90.6,-0.3521,13.0273,0.08027
M,90.7,-0.3521,13.0507,0.08027
M,90.8,-0.3521,13.0742,0.08026
M,90.9,-0.3521,13.0976,0.08026
M,91.0,-0.3521,13.1209,0.08025
M,91.1,-0.3521,13.1443,0.08025
M,91.2,-0.3521,13.1677,0.08025
M,91.3,-0.3521,13.191,0.08025
M,91.4,-0.3521,13.2143,0.08025
M,91.5,-0.3521,13.2376,0.08024
M,91.6,-0.3521,13.2609,0.08024
M,91.7,-0.3521,13.2842,0.08024
M,91.8,-0.3521,13.3075,0.08025
M,91.9,-0.3521,13.3308,0.08025
M,92.0,-0.3521,13.3541,0.08025
M,92.1,-0.3521,13.3773,0.08025
M,92.2,-0.3521,13.4006,0.08026
M,92.3,-0.3521,13.4239,0.08026
M,92.4,-0.3521,13.4472,0.08027
M,92.5,-0.3521,13.4705,0.08027
M,92.6,-0.3521,13.4937,0.08028
M,92.7,-0.3521,13.5171,0.08028
M,92.8,-0.3521,13.5404,0.08029
M,92.9,-0.3521,13.5637,0.0803
M,93.0,-0.3521,13.587,0.08031
M,93.1,-0.3521,13.6104,0.08032
M,93.2,-0.3521,13.6338,0.08033
M,93.3,-0.3521,13.6572,0.08034
M,93.4,-0.3521,13.6806,0.08035
M,93.5,-0.3521,13.7041,0.08036
M,93.6,-0.3521,13.7275,0.08037
M,93.7,-0.3521,13.751,0.08038
M,93.8,-0.3521,13.7746,0.0804
M,93.9,-0.3521,13.7981,0.08041
M,94.0,-0.3521,13.8217,0.08043
M,94.1,-0.3521,13.8454,0.08044
M,94.2,-0.3521,13.8691,0.08046
M,94.3,-0.3521,13.8928,0.08047
M,94.4,-0.3521,13.9165,0.08049
M,94.5,-0.3521,13.9403,0.08051
M,94.6,-0.3521,13.9642,0.08052
M,94.7,-0.3521,13.9881,0.08054
M,94.8,-0.3521,14.012,0.08056
M,94.9,-0.3521,14.036,0.08058
M,95.0,-0.3521,14.06,0.0806
M,95.1,-0.3521,14.0841,0.08062
M,95.2,-0.3521,14.1083,0.08064
M,95.3,-0.3521,14.1325,0.08067
M,95.4,-0.3521,14.1567,0.08069
M,95.5,-0.3521,14.1811,0.08071
M,95.6,-0.3521,14.2055,0.08073
M,95.7,-0.3521,14.2299,0.08076
M,95.8,-0.3521,14.2544,0.08078
M,95.9,-0.3521,14.279,0.08081
M,96.0,-0.3521,14.3037,0.08083
M,96.1,-0.3521,14.3284,0.08086
M,96.2,-0.3521,14.3533,0.08089
M,96.3,-0.3521,14.3782,0.08092
M,96.4,-0.3521,14.4031,0.08094
M,96.5,-0.3521,14.4282,0.08097
M,96.6,-0.3521,14.4533,0.081
M,96.7,-0.3521,14.4785,0.08103
M,96.8,-0.3521,14.5038,0.08106
M,96.9,-0.3521,14.5292,0.08109
M,97.0,-0.3521,14.5547,0.08112
M,97.1,-0.3521,14.5802,0.08116
M,97.2,-0.3521,14.6058,0.08119
M,97.3,-0.3521,14.6316,0.08122
M,97.4,-0.3521,14.6574,0.08125
M,97.5,-0.3521,14.6832,0.08129
M,97.6,-0.3521,14.7092,0.08132
M,97.7,-0.3521,14.7353,0.08136
M,97.8,-0.3521,14.7614,0.08139
M,97.9,-0.3521,14.7877,0.08143
M,98.0,-0.3521,14.814,0.08146
M,98.1,-0.3521,14.8404,0.0815
M,98.2,-0.3521,14.8669,0.08154
M,98.3,-0.3521,14.8934,0.08157
M,98.4,-0.3521,14.9201,0.08161
M,98.5,-0.3521,14.9468,0.08165
M,98.6,-0.3521,14.9736,0.08169
M,98.7,-0.3521,15.0005,0.08173
M,98.8,-0.3521,15.0275,0.08177
M,98.9,-0.3521,15.0546,0.08181
M,99.0,-0.3521,15.0818,0.08185
M,99.1,-0.3521,15.109,0.08189
M,99.2,-0.3521,15.1363,0.08194
M,99.3,-0.3521,15.1637,0.08198
M,99.4,-0.3521,15.1912,0.08202
M,99.5,-0.3521,15.2187,0.08206
M,99.6,-0.3521,15.2463,0.08211
M,99.7,-0.3521,15.274,0.08215
M,99.8,-0.3521,15.3018,0.0822
M,99.9,-0.3521,15.3297,0.08224
M,100.0,-0.3521,15.3576,0.08229
M,100.1,-0.3521,15.3856,0.08233
M,100.2,-0.3521,15.4137,0.08238
M,100.3,-0.3521,15.4419,0.08243
M,100.4,-0.3521,15.4701,0.08247
M,100.5,-0.3521,15.4985,0.08252
M,100.6,-0.3521,15.5268,0.08257
M,100.7,-0.3521,15.5553,0.08262
M,100.8,-0.3521,15.5838,0.08267
M,100.9,-0.3521,15.6125,0.08272
M,101.0,-0.3521,15.6412,0.08277
M,101.1,-0.3521,15.6699,0.08281
M,101.2,-0.3521,15.6987,0.08287
M,101.3,-0.3521,15.7276,0.08292
M,101.4,-0.3521,15.7566,0.08297
M,101.5,-0.3521,15.7857,0.08302
M,101.6,-0.3521,15.8148,0.08307
M,101.7,-0.3521,15.844,0.08312
M,101.8,-0.3521,15.8732,0.08317
M,101.9,-0.3521,15.9026,0.08322
M,102.0,-0.3521,15.932,0.08328
M,102.1,-0.3521,15.9615,0.08333
M,102.2,-0.3521,15.991,0.08338
M,102.3,-0.3521,16.0206,0.08343
M,102.4,-0.3521,16.0503,0.08349
M,102.5,-0.3521,16.0801,0.08354
M,102.6,-0.3521,16.1099,0.08359
M,102.7,-0.3521,16.1398,0.08365
M,102.8,-0.3521,16.1697,0.0837
M,102.9,-0.3521,16.1997,0.08376
M,103.0,-0.3521,16.2298,0.08381
M,103.1,-0.3521,16.26,0.08386
M,103.2,-0.3521,16.2902,0.08392
M,103.3,-0.3521,16.3204,0.08397
M,103.4,-0.3521,16.3508,0.08403
M,103.5,-0.3521,16.3812,0.08408
M,103.6,-0.3521,16.4117,0.08414
M,103.7,-0.3521,16.4422,0.08419
M,103.8,-0.3521,16.4728,0.08425
M,103.9,-0.3521,16.5035,0.08431
M,104.0,-0.3521,16.5342,0.08436
M,104.1,-0.3521,16.565,0.08442
M,104.2,-0.3521,16.5959,0.08447
M,104.3,-0.3521,16.6268,0.08453
M,104.4,-0.3521,16.6579,0.08458
M,104.5,-0.3521,16.6889,0.08464
M,104.6,-0.3521,16.7201,0.0847
M,104.7,-0.3521,16.7513,0.08475
M,104.8,-0.3521,16.7826,0.08481
M,104.9,-0.3521,16.8139,0.08487
M,105.0,-0.3521,16.8454,0.08493
M,105.1,-0.3521,16.8769,0.08498
M,105.2,-0.3521,16.9084,0.08504
M,105.3,-0.3521,16.9401,0.0851
M,105.4,-0.3521,16.9718,0.08516
M,105.5,-0.3521,17.0036,0.08521
M,105.6,-0.3521,17.0355,0.08527
M,105.7,-0.3521,17.0674,0.08533
M,105.8,-0.3521,17.0995,0.08539
M,105.9,-0.3521,17.1316,0.08545
M,106.0,-0.3521,17.1637,0.08551
M,106.1,-0.3521,17.196,0.08557
M,106.2,-0.3521,17.2283,0.08562
M,106.3,-0.3521,17.2607,0.08568
M,106.4,-0.3521,17.2931,0.08574
M,106.5,-0.3521,17.3256,0.0858
M,106.6,-0.3521,17.3582,0.08586
M,106.7,-0.3521,17.3909,0.08592
M,106.8,-0.3521,17.4237,0.08599
M,106.9,-0.3521,17.4565,0.08605
M,107.0,-0.3521,17.4894,0.08611
M,107.1,-0.3521,17.5224,0.08617
M,107.2,-0.3521,17.5554,0.08623
M,107.3,-0.3521,17.5885,0.08629
M,107.4,-0.3521,17.6217,0.08635
M,107.5,-0.3521,17.655,0.08641
M,107.6,-0.3521,17.6884,0.08648
M,107.7,-0.3521,17.7218,0.08654
M,107.8,-0.3521,17.7553,0.0866
M,107.9,-0.3521,17.7889,0.08666
M,108.0,-0.3521,17.8226,0.08673
M,108.1,-0.3521,17.8564,0.08679
M,108.2,-0.3521,17.8903,0.08685
M,108.3,-0.3521,17.9242,0.08691
M,108.4,-0.3521,17.9583,0.08698
M,108.5,-0.3521,17.9924,0.08704
M,108.6,-0.3521,18.0267,0.0871
M,108.7,-0.3521,18.061,0.08717
M,108.8,-0.3521,18.0954,0.08723
M,108.9,-0.3521,18.1299,0.0873
M,109.0,-0.3521,18.1645,0.08736
M,109.1,-0.3521,18.1992,0.08742
M,109.2,-0.3521,18.234,0.08749
M,109.3,-0.3521,18.2689,0.08755
M,109.4,-0.3521,18.3039,0.08762
M,109.5,-0.3521,18.339,0.08768
M,109.6,-0.3521,18.3742,0.08774
M,109.7,-0.3521,18.4094,0.08781
M,109.8,-0.3521,18.4448,0.08787
M,109.9,-0.3521,18.4802,0.08794
M,110.0,-0.3521,18.5158,0.088
M,110.1,-0.3521,18.5514,0.08806
M,110.2,-0.3521,18.5871,0.08813
M,110.3,-0.3521,18.6229,0.08819
M,110.4,-0.3521,18.6588,0.08826
M,110.5,-0.3521,18.6948,0.08832
M,110.6,-0.3521,18.7308,0.08838
M,110.7,-0.3521,18.767,0.08845
M,110.8,-0.3521,18.8032,0.08851
M,110.9,-0.3521,18.8395,0.08858
M,111.0,-0.3521,18.8759,0.08864
M,111.1,-0.3521,18.9123,0.08871
M,111.2,-0.3521,18.9489,0.08877
M,111.3,-0.3521,18.9855,0.08883
M,111.4,-0.3521,19.0222,0.0889
M,111.5,-0.3521,19.059,0.08896
M,111.6,-0.3521,19.0958,0.08903
M,111.7,-0.3521,19.1327,0.08909
M,111.8,-0.3521,19.1697,0.08915
M,111.9,-0.3521,19.2067,0.08922
M,112.0,-0.3521,19.2439,0.08928
M,112.1,-0.3521,19.281,0.08934
M,112.2,-0.3521,19.3183,0.08941
M,112.3,-0.3521,19.3556,0.08947
M,112.4,-0.3521,19.393,0.08953
M,112.5,-0.3521,19.4304,0.0896
M,112.6,-0.3521,19.4679,0.08966
M,112.7,-0.3521,19.5055,0.08972
M,112.8,-0.3521,19.5431,0.08979
M,112.9,-0.3521,19.5807,0.08985
M,113.0,-0.3521,19.6185,0.08991
M,113.1,-0.3521,19.6563,0.08997
M,113.2,-0.3521,19.6941,0.09004
M,113.3,-0.3521,19.7321,0.0901
M,113.4,-0.3521,19.77,0.09016
M,113.5,-0.3521,19.8081,0.09022
M,113.6,-0.3521,19.8461,0.09029
M,113.7,-0.3521,19.8843,0.09035
M,113.8,-0.3521,19.9225,0.09041
M,113.9,-0.3521,19.9607,0.09047
M,114.0,-0.3521,19.999,0.09054
M,114.1,-0.3521,20.0373,0.0906
M,114.2,-0.3521,20.0757,0.09066
M,114.3,-0.3521,20.1142,0.09072
M,114.4,-0.3521,20.1527,0.09079
M,114.5,-0.3521,20.1912,0.09085
M,114.6,-0.3521,20.2298,0.09091
M,114.7,-0.3521,20.2684,0.09097
M,114.8,-0.3521,20.3071,0.09103
M,114.9,-0.3521,20.3458,0.0911
M,115.0,-0.3521,20.3846,0.09116
M,115.1,-0.3521,20.4233,0.09122
M,115.2,-0.3521,20.4622,0.09128
M,115.3,-0.3521,20.501,0.09134
M,115.4,-0.3521,20.54,0.0914
M,115.5,-0.3521,20.5789,0.09147
M,115.6,-0.3521,20.6179,0.09153
M,115.7,-0.3521,20.6569,0.09159
M,115.8,-0.3521,20.6959,0.09165
M,115.9,-0.3521,20.735,0.09171
M,116.0,-0.3521,20.7741,0.09177
M,116.1,-0.3521,20.8132,0.09183
M,116.2,-0.3521,20.8524,0.0919
M,116.3,-0.3521,20.8916,0.09196
M,116.4,-0.3521,20.9308,0.09202
M,116.5,-0.3521,20.97,0.09208
M,116.6,-0.3521,21.0093,0.09214
M,116.7,-0.3521,21.0486,0.0922
M,116.8,-0.3521,21.0879,0.09227
M,116.9,-0.3521,21.1272,0.09233
M,117.0,-0.3521,21.1666,0.09239
M,117.1,-0.3521,21.2059,0.09245
M,117.2,-0.3521,21.2453,0.09251
M,117.3,-0.3521,21.2847,0.09257
M,117.4,-0.3521,21.3242,0.09263
M,117.5,-0.3521,21.3636,0.0927
M,117.6,-0.3521,21.4031,0.09276
M,117.7,-0.3521,21.4426,0.09282
M,117.8,-0.3521,21.482,0.09288
M,117.9,-0.3521,21.5215,0.09294
M,118.0,-0.3521,21.5611,0.093
M,118.1,-0.3521,21.6006,0.09307
M,118.2,-0.3521,21.6401,0.09313
M,118.3,-0.3521,21.6797,0.09319
M,118.4,-0.3521,21.7193,0.09325
M,118.5,-0.3521,21.7588,0.09331
M,118.6,-0.3521,21.7984,0.09338
M,118.7,-0.3521,21.838,0.09344
M,118.8,-0.3521,21.8776,0.0935
M,118.9,-0.3521,21.9172,0.09356
M,119.0,-0.3521,21.9568,0.09362
M,119.1,-0.3521,21.9964,0.09368
M,119.2,-0.3521,22.036,0.09375
M,119.3,-0.3521,22.0757,0.09381
M,119.4,-0.3521,22.1153,0.09387
M,119.5,-0.3521,22.1549,0.09393
M,119.6,-0.3521,22.1945,0.09399
M,119.7,-0.3521,22.2341,0.09406
M,119.8,-0.3521,22.2738,0.09412
M,119.9,-0.3521,22.3134,0.09418
M,120.0,-0.3521,22.353,0.09424
F,65.0,-0.3833,7.2402,0.09113
F,65.1,-0.3833,7.2627,0.09112
F,65.2,-0.3833,7.2852,0.09111
F,65.3,-0.3833,7.3076,0.0911
F,65.4,-0.3833,7.33,0.09109
F,65.5,-0.3833,7.3523,0.09109
F,65.6,-0.3833,7.3745,0.09108
F,65.7,-0.3833,7.3967,0.09107
F,65.8,-0.3833,7.4189,0.09106
F,65.9,-0.3833,7.441,0.09105
F,66.0,-0.3833,7.463,0.09104
F,66.1,-0.3833,7.485,0.09103
F,66.2,-0.3833,7.5069,0.09102
F,66.3,-0.3833,7.5288,0.09101
F,66.4,-0.3833,7.5507,0.091
F,66.5,-0.3833,7.5724,0.09099
F,66.6,-0.3833,7.5942,0.09098
F,66.7,-0.3833,7.6158,0.09097
F,66.8,-0.3833,7.6375,0.09096
F,66.9,-0.3833,7.659,0.09095
F,67.0,-0.3833,7.6806,0.09094
F,67.1,-0.3833,7.702,0.09093
F,67.2,-0.3833,7.7234,0.09091
F,67.3,-0.3833,7.7448,0.0909
F,67.4,-0.3833,7.7661,0.09089
F,67.5,-0.3833,7.7874,0.09088
F,67.6,-0.3833,7.8086,0.09087
F,67.7,-0.3833,7.8298,0.09086
F,67.8,-0.3833,7.8509,0.09085
F,67.9,-0.3833,7.872,0.09084
F,68.0,-0.3833,7.893,0.09083
F,68.1,-0.3833,7.914,0.09082
F,68.2,-0.3833,7.935,0.0908
F,68.3,-0.3833,7.9559,0.09079
F,68.4,-0.3833,7.9768,0.09078
F,68.5,-0.3833,7.9976,0.09077
F,68.6,-0.3833,8.0184,0.09076
F,68.7,-0.3833,8.0392,0.09075
F,68.8,-0.3833,8.0599,0.09074
F,68.9,-0.3833,8.0806,0.09072
F,69.0,-0.3833,8.1012,0.09071
F,69.1,-0.3833,8.1218,0.0907
F,69.2,-0.3833,8.1424,0.09069
F,69.3,-0.3833,8.163,0.09068
F,69.4,-0.3833,8.1835,0.09067
F,69.5,-0.3833,8.2039,0.09065
F,69.6,-0.3833,8.2244,0.09064
F,69.7,-0.3833,8.2448,0.09063
F,69.8,-0.3833,8.2651,0.09062
F,69.9,-0.3833,8.2855,0.09061
F,70.0,-0.3833,8.3058,0.09059
F,70.1,-0.3833,8.3261,0.09058
F,70.2,-0.3833,8.3464,0.09057
F,70.3,-0.3833,8.3666,0.09056
F,70.4,-0.3833,8.3869,0.09055
F,70.5,-0.3833,8.4071,0.09053
F,70.6,-0.3833,8.4273,0.09052
F,70.7,-0.3833,8.4474,0.09051
F,70.8,-0.3833,8.4676,0.0905
F,70.9,-0.3833,8.4877,0.09048
F,71.0,-0.3833,8.5078,0.09047
F,71.1,-0.3833,8.5278,0.09046
F,71.2,-0.3833,8.5479,0.09045
F,71.3,-0.3833,8.5679,0.09043
F,71.4,-0.3833,8.5879,0.09042
F,71.5,-0.3833,8.6078,0.09041
F,71.6,-0.3833,8.6277,0.0904
F,71.7,-0.3833,8.6476,0.09039
F,71.8,-0.3833,8.6674,0.09037
F,71.9,-0.3833,8.6872,0.09036
F,72.0,-0.3833,8.707,0.09035
F,72.1,-0.3833,8.7267,0.09034
F,72.2,-0.3833,8.7464,0.09032
F,72.3,-0.3833,8.7661,0.09031
F,72.4,-0.3833,8.7857,0.0903
F,72.5,-0.3833,8.8053,0.09028
F,72.6,-0.3833,8.8248,0.09027
F,72.7,-0.3833,8.8443,0.09026
F,72.8,-0.3833,8.8638,0.09025
F,72.9,-0.3833,8.8831,0.09023
F,73.0,-0.3833,8.9025,0.09022
F,73.1,-0.3833,8.9217,0.09021
F,73.2,-0.3833,8.941,0.0902
F,73.3,-0.3833,8.9601,0.09018
F,73.4,-0.3833,8.9792,0.09017
F,73.5,-0.3833,8.9983,0.09016
F,73.6,-0.3833,9.0173,0.09014
F,73.7,-0.3833,9.0363,0.09013
F,73.8,-0.3833,9.0552,0.09012
F,73.9,-0.3833,9.074,0.09011
F,74.0,-0.3833,9.0928,0.09009
F,74.1,-0.3833,9.1116,0.09008
F,74.2,-0.3833,9.1303,0.09007
F,74.3,-0.3833,9.149,0.09005
F,74.4,-0.3833,9.1676,0.09004
F,74.5,-0.3833,9.1862,0.09003
F,74.6,-0.3833,9.2048,0.09001
F,74.7,-0.3833,9.2233,0.09
F,74.8,-0.3833,9.2418,0.08999
F,74.9,-0.3833,9.2602,0.08997
F,75.0,-0.3833,9.2786,0.08996
F,75.1,-0.3833,9.297,0.08995
F,75.2,-0.3833,9.3154,0.08993
F,75.3,-0.3833,9.3337,0.08992
F,75.4,-0.3833,9.352,0.08991
F,75.5,-0.3833,9.3703,0.08989
F,75.6,-0.3833,9.3886,0.08988
F,75.7,-0.3833,9.4069,0.08987
F,75.8,-0.3833,9.4252,0.08985
F,75.9,-0.3833,9.4435,0.08984
F,76.0,-0.3833,9.4617,0.08983
F,76.1,-0.3833,9.48,0.08981
F,76.2,-0.3833,9.4983,0.0898
F,76.3,-0.3833,9.5166,0.08979
F,76.4,-0.3833,9.535,0.08977
F,76.5,-0.3833,9.5533,0.08976
F,76.6,-0.3833,9.5717,0.08975
F,76.7,-0.3833,9.5901,0.08973
F,76.8,-0.3833,9.6086,0.08972
F,76.9,-0.3833,9.6271,0.08971
F,77.0,-0.3833,9.6456,0.08969
F,77.1,-0.3833,9.6642,0.08968
F,77.2,-0.3833,9.6828,0.08966
F,77.3,-0.3833,9.7015,0.08965
F,77.4,-0.3833,9.7202,0.08964
F,77.5,-0.3833,9.739,0.08963
F,77.6,-0.3833,9.7578,0.08961
F,77.7,-0.3833,9.7767,0.0896
F,77.8,-0.3833,9.7957,0.08959
F,77.9,-0.3833,9.8147,0.08957
F,78.0,-0.3833,9.8338,0.08956
F,78.1,-0.3833,9.853,0.08955
F,78.2,-0.3833,9.8722,0.08953
F,78.3,-0.3833,9.8915,0.08952
F,78.4,-0.3833,9.9109,0.08951
F,78.5,-0.3833,9.9303,0.0895
F,78.6,-0.3833,9.9499,0.08948
F,78.7,-0.3833,9.9695,0.08947
F,78.8,-0.3833,9.9892,0.08946
F,78.9,-0.3833,10.009,0.08945
F,79.0,-0.3833,10.0289,0.08943
F,79.1,-0.3833,10.0489,0.08942
F,79.2,-0.3833,10.069,0.08941
F,79.3,-0.3833,10.0891,0.0894
F,79.4,-0.3833,10.1094,0.08939
F,79.5,-0.3833,10.1298,0.08937
F,79.6,-0.3833,10.1503,0.08936
F,79.7,-0.3833,10.1709,0.08935
F,79.8,-0.3833,10.1916,0.08934
F,79.9,-0.3833,10.2123,0.08933
F,80.0,-0.3833,10.2332,0.08932
F,80.1,-0.3833,10.2542,0.0893
F,80.2,-0.3833,10.2753,0.08929
F,80.3,-0.3833,10.2965,0.08928
F,80.4,-0.3833,10.3178,0.08927
F,80.5,-0.3833,10.3393,0.08926
F,80.6,-0.3833,10.3608,0.08925
F,80.7,-0.3833,10.3824,0.08924
F,80.8,-0.3833,10.4041,0.08923
F,80.9,-0.3833,10.4258,0.08922
F,81.0,-0.3833,10.4477,0.08921
F,81.1,-0.3833,10.4697,0.0892
F,81.2,-0.3833,10.4918,0.08919
F,81.3,-0.3833,10.514,0.08918
F,81.4,-0.3833,10.5363,0.08917
F,81.5,-0.3833,10.5586,0.08916
F,81.6,-0.3833,10.5811,0.08915
F,81.7,-0.3833,10.6037,0.08915
F,81.8,-0.3833,10.6263,0.08914
F,81.9,-0.3833,10.6491,0.08913
F,82.0,-0.3833,10.6719,0.08912
F,82.1,-0.3833,10.6948,0.08911
F,82.2,-0.3833,10.7178,0.0891
F,82.3,-0.3833,10.741,0.0891
F,82.4,-0.3833,10.7641,0.08909
F,82.5,-0.3833,10.7874,0.08908
F,82.6,-0.3833,10.8108,0.08907
F,82.7,-0.3833,10.8343,0.08907
F,82.8,-0.3833,10.8578,0.08906
F,82.9,-0.3833,10.8814,0.08905
F,83.0,-0.3833,10.9051,0.08905
F,83.1,-0.3833,10.9289,0.08904
F,83.2,-0.3833,10.9527,0.08903
F,83.3,-0.3833,10.9767,0.08903
F,83.4,-0.3833,11.0007,0.08902
F,83.5,-0.3833,11.0248,0.08902
F,83.6,-0.3833,11.0489,0.08901
F,83.7,-0.3833,11.0731,0.08901
F,83.8,-0.3833,11.0974,0.089
F,83.9,-0.3833,11.1218,0.089
F,84.0,-0.3833,11.1462,0.08899
F,84.1,-0.3833,11.1707,0.08899
F,84.2,-0.3833,11.1952,0.08899
F,84.3,-0.3833,11.2198,0.08898
F,84.4,-0.3833,11.2444,0.08898
F,84.5,-0.3833,11.2691,0.08897
F,84.6,-0.3833,11.2939,0.08897
F,84.7,-0.3833,11.3187,0.08897
F,84.8,-0.3833,11.3435,0.08897
F,84.9,-0.3833,11.3684,0.08896
F,85.0,-0.3833,11.3934,0.08896
F,85.1,-0.3833,11.4183,0.08896
F,85.2,-0.3833,11.4434,0.08896
F,85.3,-0.3833,11.4684,0.08895
F,85.4,-0.3833,11.4935,0.08895
F,85.5,-0.3833,11.5186,0.08895
F,85.6,-0.3833,11.5437,0.08895
F,85.7,-0.3833,11.5689,0.08895
F,85.8,-0.3833,11.594,0.08895
F,85.9,-0.3833,11.6192,0.08895
F,86.0,-0.3833,11.6444,0.08895
F,86.1,-0.3833,11.6696,0.08895
F,86.2,-0.3833,11.6948,0.08895
F,86.3,-0.3833,11.7201,0.08895
F,86.4,-0.3833,11.7453,0.08895
F,86.5,-0.3833,11.7705,0.08895
F,86.6,-0.3833,11.7957,0.08895
F,86.7,-0.3833,11.8209,0.08895
F,86.8,-0.3833,11.8461,0.08895
F,86.9,-0.3833,11.8713,0.08896
F,87.0,-0.3833,11.8965,0.08896
F,87.1,-0.3833,11.9217,0.08896
F,87.2,-0.3833,11.9468,0.08896
F,87.3,-0.3833,11.972,0.08896
F,87.4,-0.3833,11.9971,0.08897
F,87.5,-0.3833,12.0223,0.08897
F,87.6,-0.3833,12.0474,0.08897
F,87.7,-0.3833,12.0725,0.08898
F,87.8,-0.3833,12.0976,0.08898
F,87.9,-0.3833,12.1227,0.08898
F,88.0,-0.3833,12.1478,0.08899
F,88.1,-0.3833,12.1728,0.08899
F,88.2,-0.3833,12.1978,0.089
F,88.3,-0.3833,12.2229,0.089
F,88.4,-0.3833,12.2479,0.08901
F,88.5,-0.3833,12.2729,0.08901
F,88.6,-0.3833,12.2978,0.08902
F,88.7,-0.3833,12.3228,0.08902
F,88.8,-0.3833,12.3477,0.08903
F,88.9,-0.3833,12.3727,0.08903
F,89.0,-0.3833,12.3976,0.08904
F,89.1,-0.3833,12.4225,0.08904
F,89.2,-0.3833,12.4474,0.08905
F,89.3,-0.3833,12.4723,0.08906
F,89.4,-0.3833,12.4971,0.08906
F,89.5,-0.3833,12.522,0.08907
F,89.6,-0.3833,12.5468,0.08908
F,89.7,-0.3833,12.5717,0.08909
F,89.8,-0.3833,12.5965,0.08909
F,89.9,-0.3833,12.6213,0.0891
F,90.0,-0.3833,12.6461,0.08911
F,90.1,-0.3833,12.6709,0.08912
F,90.2,-0.3833,12.6957,0.08912
F,90.3,-0.3833,12.7205,0.08913
F,90.4,-0.3833,12.7453,0.08914
F,90.5,-0.3833,12.77,0.08915
F,90.6,-0.3833,12.7948,0.08916
F,90.7,-0.3833,12.8196,0.08917
F,90.8,-0.3833,12.8443,0.08918
F,90.9,-0.3833,12.8691,0.08919
F,91.0,-0.3833,12.8939,0.0892
F,91.1,-0.3833,12.9186,0.08921
F,91.2,-0.3833,12.9434,0.08922
F,91.3,-0.3833,12.9681,0.08923
F,91.4,-0.3833,12.9929,0.08924
F,91.5,-0.3833,13.0177,0.08925
F,91.6,-0.3833,13.0424,0.08926
F,91.7,-0.3833,13.0672,0.08927
F,91.8,-0.3833,13.092,0.08928
F,91.9,-0.3833,13.1167,0.0893
F,92.0,-0.3833,13.1415,0.08931
F,92.1,-0.3833,13.1663,0.08932
F,92.2,-0.3833,13.1911,0.08933
F,92.3,-0.3833,13.2158,0.08934
F,92.4,-0.3833,13.2406,0.08936
F,92.5,-0.3833,13.2654,0.08937
F,92.6,-0.3833,13.2902,0.08938
F,92.7,-0.3833,13.3151,0.0894
F,92.8,-0.3833,13.3399,0.08941
F,92.9,-0.3833,13.3647,0.08942
F,93.0,-0.3833,13.3896,0.08944
F,93.1,-0.3833,13.4145,0.08945
F,93.2,-0.3833,13.4394,0.08947
F,93.3,-0.3833,13.4643,0.08948
F,93.4,-0.3833,13.4892,0.08949
F,93.5,-0.3833,13.5142,0.08951
F,93.6,-0.3833,13.5391,0.08952
F,93.7,-0.3833,13.5641,0.08954
F,93.8,-0.3833,13.5892,0.08955
F,93.9,-0.3833,13.6142,0.08957
F,94.0,-0.3833,13.6393,0.08959
F,94.1,-0.3833,13.6644,0.0896
F,94.2,-0.3833,13.6895,0.08962
F,94.3,-0.3833,13.7146,0.08963
F,94.4,-0.3833,13.7398,0.08965
F,94.5,-0.3833,13.765,0.08967
F,94.6,-0.3833,13.7902,0.08968
F,94.7,-0.3833,13.8155,0.0897
F,94.8,-0.3833,13.8408,0.08972
F,94.9,-0.3833,13.8661,0.08974
F,95.0,-0.3833,13.8914,0.08975
F,95.1,-0.3833,13.9168,0.08977
F,95.2,-0.3833,13.9422,0.08979
F,95.3,-0.3833,13.9676,0.08981
F,95.4,-0.3833,13.9931,0.08983
F,95.5,-0.3833,14.0186,0.08984
F,95.6,-0.3833,14.0441,0.08986
F,95.7,-0.3833,14.0697,0.08988
F,95.8,-0.3833,14.0953,0.0899
F,95.9,-0.3833,14.1209,0.08992
F,96.0,-0.3833,14.1466,0.08994
F,96.1,-0.3833,14.1724,0.08996
F,96.2,-0.3833,14.1981,0.08998
F,96.3,-0.3833,14.2239,0.09
F,96.4,-0.3833,14.2498,0.09002
F,96.5,-0.3833,14.2757,0.09004
F,96.6,-0.3833,14.3016,0.09006
F,96.7,-0.3833,14.3276,0.09008
F,96.8,-0.3833,14.3537,0.0901
F,96.9,-0.3833,14.3798,0.09012
F,97.0,-0.3833,14.4059,0.09015
F,97.1,-0.3833,14.4321,0.09017
F,97.2,-0.3833,14.4584,0.09019
F,97.3,-0.3833,14.4848,0.09021
F,97.4,-0.3833,14.5112,0.09023
F,97.5,-0.3833,14.5376,0.09026
F,97.6,-0.3833,14.5642,0.09028
F,97.7,-0.3833,14.5908,0.0903
F,97.8,-0.3833,14.6174,0.09033
F,97.9,-0.3833,14.6442,0.09035
F,98.0,-0.3833,14.671,0.09037
F,98.1,-0.3833,14.6979,0.0904
F,98.2,-0.3833,14.7248,0.09042
F,98.3,-0.3833,14.7519,0.09044
F,98.4,-0.3833,14.779,0.09047
F,98.5,-0.3833,14.8062,0.09049
F,98.6,-0.3833,14.8334,0.09052
F,98.7,-0.3833,14.8608,0.09054
F,98.8,-0.3833,14.8882,0.09057
F,98.9,-0.3833,14.9157,0.09059
F,99.0,-0.3833,14.9434,0.09062
F,99.1,-0.3833,14.9711,0.09064
F,99.2,-0.3833,14.9989,0.09067
F,99.3,-0.3833,15.0267,0.09069
F,99.4,-0.3833,15.0547,0.09072
F,99.5,-0.3833,15.0828,0.09075
F,99.6,-0.3833,15.1109,0.09077
F,99.7,-0.3833,15.1392,0.0908
F,99.8,-0.3833,15.1676,0.09083
F,99.9,-0.3833,15.196,0.09085
F,100.0,-0.3833,15.2246,0.09088
F,100.1,-0.3833,15.2532,0.09091
F,100.2,-0.3833,15.2819,0.09093
F,100.3,-0.3833,15.3108,0.09096
F,100.4,-0.3833,15.3397,0.09099
F,100.5,-0.3833,15.3687,0.09102
F,100.6,-0.3833,15.3979,0.09105
F,100.7,-0.3833,15.4271,0.09107
F,100.8,-0.3833,15.4564,0.0911
F,100.9,-0.3833,15.4858,0.09113
F,101.0,-0.3833,15.5154,0.09116
F,101.1,-0.3833,15.545,0.09119
F,101.2,-0.3833,15.5747,0.09122
F,101.3,-0.3833,15.6046,0.09125
F,101.4,-0.3833,15.6345,0.09128
F,101.5,-0.3833,15.6646,0.09131
F,101.6,-0.3833,15.6947,0.09133
F,101.7,-0.3833,15.725,0.09136
F,101.8,-0.3833,15.7553,0.09139
F,101.9,-0.3833,15.7858,0.09142
F,102.0,-0.3833,15.8164,0.09146
F,102.1,-0.3833,15.847,0.09149
F,102.2,-0.3833,15.8778,0.09152
F,102.3,-0.3833,15.9087,0.09155
F,102.4,-0.3833,15.9396,0.09158
F,102.5,-0.3833,15.9707,0.09161
F,102.6,-0.3833,16.0019,0.09164
F,102.7,-0.3833,16.0332,0.09167
F,102.8,-0.3833,16.0645,0.0917
F,102.9,-0.3833,16.096,0.09173
F,103.0,-0.3833,16.1276,0.09177
F,103.1,-0.3833,16.1593,0.0918
F,103.2,-0.3833,16.191,0.09183
F,103.3,-0.3833,16.2229,0.09186
F,103.4,-0.3833,16.2549,0.0919
F,103.5,-0.3833,16.287,0.09193
F,103.6,-0.3833,16.3191,0.09196
F,103.7,-0.3833,16.3514,0.09199
F,103.8,-0.3833,16.3837,0.09203
F,103.9,-0.3833,16.4162,0.09206
F,104.0,-0.3833,16.4488,0.09209
F,104.1,-0.3833,16.4814,0.09213
F,104.2,-0.3833,16.5142,0.09216
F,104.3,-0.3833,16.547,0.09219
F,104.4,-0.3833,16.58,0.09223
F,104.5,-0.3833,16.6131,0.09226
F,104.6,-0.3833,16.6462,0.09229
F,104.7,-0.3833,16.6795,0.09233
F,104.8,-0.3833,16.7129,0.09236
F,104.9,-0.3833,16.7464,0.0924
F,105.0,-0.3833,16.78,0.09243
F,105.1,-0.3833,16.8137,0.09247
F,105.2,-0.3833,16.8475,0.0925
F,105.3,-0.3833,16.8814,0.09254
F,105.4,-0.3833,16.9154,0.09257
F,105.5,-0.3833,16.9496,0.09261
F,105.6,-0.3833,16.9838,0.09264
F,105.7,-0.3833,17.0182,0.09268
F,105.8,-0.3833,17.0527,0.09271
F,105.9,-0.3833,17.0873,0.09275
F,106.0,-0.3833,17.122,0.09278
F,106.1,-0.3833,17.1569,0.09282
F,106.2,-0.3833,17.1918,0.09286
F,106.3,-0.3833,17.2269,0.09289
F,106.4,-0.3833,17.262,0.09293
F,106.5,-0.3833,17.2973,0.09296
F,106.6,-0.3833,17.3327,0.093
F,106.7,-0.3833,17.3683,0.09304
F,106.8,-0.3833,17.4039,0.09307
F,106.9,-0.3833,17.4397,0.09311
F,107.0,-0.3833,17.4755,0.09315
F,107.1,-0.3833,17.5115,0.09318
F,107.2,-0.3833,17.5476,0.09322
F,107.3,-0.3833,17.5839,0.09326
F,107.4,-0.3833,17.6202,0.09329
F,107.5,-0.3833,17.6567,0.09333
F,107.6,-0.3833,17.6932,0.09337
F,107.7,-0.3833,17.7299,0.09341
F,107.8,-0.3833,17.7668,0.09344
F,107.9,-0.3833,17.8037,0.09348
F,108.0,-0.3833,17.8407,0.09352
F,108.1,-0.3833,17.8779,0.09356
F,108.2,-0.3833,17.9152,0.09359
F,108.3,-0.3833,17.9526,0.09363
F,108.4,-0.3833,17.9901,0.09367
F,108.5,-0.3833,18.0277,0.09371
F,108.6,-0.3833,18.0654,0.09375
F,108.7,-0.3833,18.1033,0.09378
F,108.8,-0.3833,18.1412,0.09382
F,108.9,-0.3833,18.1792,0.09386
F,109.0,-0.3833,18.2174,0.0939
F,109.1,-0.3833,18.2556,0.09394
F,109.2,-0.3833,18.294,0.09397
F,109.3,-0.3833,18.3324,0.09401
F,109.4,-0.3833,18.371,0.09405
F,109.5,-0.3833,18.4096,0.09409
F,109.6,-0.3833,18.4484,0.09413
F,109.7,-0.3833,18.4872,0.09417
F,109.8,-0.3833,18.5262,0.09421
F,109.9,-0.3833,18.5652,0.09424
F,110.0,-0.3833,18.6043,0.09428
F,110.1,-0.3833,18.6436,0.09432
F,110.2,-0.3833,18.6829,0.09436
F,110.3,-0.3833,18.7223,0.0944
F,110.4,-0.3833,18.7618,0.09444
F,110.5,-0.3833,18.8015,0.09448
F,110.6,-0.3833,18.8412,0.09452
F,110.7,-0.3833,18.8809,0.09456
F,110.8,-0.3833,18.9208,0.0946
F,110.9,-0.3833,18.9608,0.09464
F,111.0,-0.3833,19.0009,0.09467
F,111.1,-0.3833,19.041,0.09471
F,111.2,-0.3833,19.0812,0.09475
F,111.3,-0.3833,19.1215,0.09479
F,111.4,-0.3833,19.1619,0.09483
F,111.5,-0.3833,19.2024,0.09487
F,111.6,-0.3833,19.243,0.09491
F,111.7,-0.3833,19.2836,0.09495
F,111.8,-0.3833,19.3243,0.09499
F,111.9,-0.3833,19.3651,0.09503
F,112.0,-0.3833,19.406,0.09507
F,112.1,-0.3833,19.447,0.09511
F,112.2,-0.3833,19.488,0.09515
F,112.3,-0.3833,19.5291,0.09519
F,112.4,-0.3833,19.5703,0.09523
F,112.5,-0.3833,19.6116,0.09527
F,112.6,-0.3833,19.6529,0.09531
F,112.7,-0.3833,19.6943,0.09534
F,112.8,-0.3833,19.7358,0.09538
F,112.9,-0.3833,19.7774,0.09542
F,113.0,-0.3833,19.819,0.09546
F,113.1,-0.3833,19.8607,0.0955
F,113.2,-0.3833,19.9024,0.09554
F,113.3,-0.3833,19.9442,0.09558
F,113.4,-0.3833,19.9861,0.09562
F,113.5,-0.3833,20.028,0.09566
F,113.6,-0.3833,20.07,0.0957
F,113.7,-0.3833,20.112,0.09574
F,113.8,-0.3833,20.1541,0.09578
F,113.9,-0.3833,20.1963,0.09582
F,114.0,-0.3833,20.2385,0.09586
F,114.1,-0.3833,20.2807,0.0959
F,114.2,-0.3833,20.323,0.09594
F,114.3,-0.3833,20.3653,0.09598
F,114.4,-0.3833,20.4077,0.09602
F,114.5,-0.3833,20.4502,0.09606
F,114.6,-0.3833,20.4926,0.0961
F,114.7,-0.3833,20.5351,0.09614
F,114.8,-0.3833,20.5777,0.09618
F,114.9,-0.3833,20.6203,0.09622
F,115.0,-0.3833,20.6629,0.09626
F,115.1,-0.3833,20.7056,0.0963
F,115.2,-0.3833,20.7483,0.09634
F,115.3,-0.3833,20.791,0.09638
F,115.4,-0.3833,20.8338,0.09642
F,115.5,-0.3833,20.8766,0.09646
F,115.6,-0.3833,20.9194,0.0965
F,115.7,-0.3833,20.9622,0.09654
F,115.8,-0.3833,21.0051,0.09658
F,115.9,-0.3833,21.048,0.09662
F,116.0,-0.3833,21.0909,0.09666
F,116.1,-0.3833,21.1339,0.0967
F,116.2,-0.3833,21.1769,0.09674
F,116.3,-0.3833,21.2199,0.09678
F,116.4,-0.3833,21.2629,0.09682
F,116.5,-0.3833,21.3059,0.09686
F,116.6,-0.3833,21.3489,0.09691
F,116.7,-0.3833,21.392,0.09695
F,116.8,-0.3833,21.4351,0.09699
F,116.9,-0.3833,21.4782,0.09703
F,117.0,-0.3833,21.5213,0.09707
F,117.1,-0.3833,21.5644,0.09711
F,117.2,-0.3833,21.6075,0.09715
F,117.3,-0.3833,21.6507,0.09719
F,117.4,-0.3833,21.6938,0.09723
F,117.5,-0.3833,21.737,0.09727
F,117.6,-0.3833,21.7802,0.09731
F,117.7,-0.3833,21.8233,0.09735
F,117.8,-0.3833,21.8665,0.09739
F,117.9,-0.3833,21.9097,0.09743
F,118.0,-0.3833,21.9529,0.09747
F,118.1,-0.3833,21.9961,0.09751
F,118.2,-0.3833,22.0393,0.09755
F,118.3,-0.3833,22.0825,0.09759
F,118.4,-0.3833,22.1258,0.09763
F,118.5,-0.3833,22.169,0.09767
F,118.6,-0.3833,22.2122,0.09771
F,118.7,-0.3833,22.2554,0.09775
F,118.8,-0.3833,22.2986,0.0978
F,118.9,-0.3833,22.3419,0.09784
F,119.0,-0.3833,22.3851,0.09788
F,119.1,-0.3833,22.4283,0.09792
F,119.2,-0.3833,22.4715,0.09796
F,119.3,-0.3833,22.5148,0.098
F,119.4,-0.3833,22.558,0.09804
F,119.5,-0.3833,22.6012,0.09808
F,119.6,-0.3833,22.6444,0.09812
F,119.7,-0.3833,22.6877,0.09816
F,119.8,-0.3833,22.7309,0.0982
F,119.9,-0.3833,22.7741,0.09824
F,120.0,-0.3833,22.8173,0.09828
M,45.0,-0.3521,2.441,0.09182
M,45.1,-0.3521,2.4577,0.09176
M,45.2,-0.3521,2.4744,0.0917
M,45.3,-0.3521,2.4911,0.09164
M,45.4,-0.3521,2.5078,0.09159
M,45.5,-0.3521,2.5244,0.09153
M,45.6,-0.3521,2.5411,0.09147
M,45.7,-0.3521,2.5578,0.09141
M,45.8,-0.3521,2.5744,0.09135
M,45.9,-0.3521,2.5911,0.09129
M,46.0,-0.3521,2.6077,0.09124
M,46.1,-0.3521,2.6244,0.09118
M,46.2,-0.3521,2.6411,0.09112
M,46.3,-0.3521,2.6578,0.09106
M,46.4,-0.3521,2.6745,0.091
M,46.5,-0.3521,2.6913,0.09094
M,46.6,-0.3521,2.7081,0.09088
M,46.7,-0.3521,2.7249,0.09083
M,46.8,-0.3521,2.7417,0.09077
M,46.9,-0.3521,2.7586,0.09071
M,47.0,-0.3521,2.7755,0.09065
M,47.1,-0.3521,2.7925,0.09059
M,47.2,-0.3521,2.8095,0.09053
M,47.3,-0.3521,2.8266,0.09047
M,47.4,-0.3521,2.8437,0.09042
M,47.5,-0.3521,2.8609,0.09036
M,47.6,-0.3521,2.8782,0.0903
M,47.7,-0.3521,2.8955,0.09024
M,47.8,-0.3521,2.9129,0.09018
M,47.9,-0.3521,2.9304,0.09012
M,48.0,-0.3521,2.948,0.09007
M,48.1,-0.3521,2.9657,0.09001
M,48.2,-0.3521,2.9835,0.08995
M,48.3,-0.3521,3.0014,0.08989
M,48.4,-0.3521,3.0195,0.08983
M,48.5,-0.3521,3.0377,0.08977
M,48.6,-0.3521,3.056,0.08972
M,48.7,-0.3521,3.0745,0.08966
M,48.8,-0.3521,3.0931,0.0896
M,48.9,-0.3521,3.1119,0.08954
M,49.0,-0.3521,3.1308,0.08948
M,49.1,-0.3521,3.1499,0.08943
M,49.2,-0.3521,3.1691,0.08937
M,49.3,-0.3521,3.1884,0.08931
M,49.4,-0.3521,3.2079,0.08925
M,49.5,-0.3521,3.2276,0.08919
M,49.6,-0.3521,3.2473,0.08913
M,49.7,-0.3521,3.2672,0.08908
M,49.8,-0.3521,3.2873,0.08902
M,49.9,-0.3521,3.3075,0.08896
M,50.0,-0.3521,3.3278,0.0889
M,50.1,-0.3521,3.3482,0.08884
M,50.2,-0.3521,3.3688,0.08878
M,50.3,-0.3521,3.3894,0.08872
M,50.4,-0.3521,3.4102,0.08867
M,50.5,-0.3521,3.4311,0.08861
M,50.6,-0.3521,3.4522,0.08855
M,50.7,-0.3521,3.4733,0.08849
M,50.8,-0.3521,3.4946,0.08843
M,50.9,-0.3521,3.5161,0.08837
M,51.0,-0.3521,3.5376,0.08831
M,51.1,-0.3521,3.5593,0.08825
M,51.2,-0.3521,3.5812,0.08819
M,51.3,-0.3521,3.6032,0.08813
M,51.4,-0.3521,3.6254,0.08807
M,51.5,-0.3521,3.6477,0.08801
M,51.6,-0.3521,3.6702,0.08795
M,51.7,-0.3521,3.6929,0.08789
M,51.8,-0.3521,3.7157,0.08783
M,51.9,-0.3521,3.7388,0.08777
M,52.0,-0.3521,3.762,0.08771
M,52.1,-0.3521,3.7855,0.08765
M,52.2,-0.3521,3.8092,0.08759
M,52.3,-0.3521,3.833,0.08753
M,52.4,-0.3521,3.8571,0.08747
M,52.5,-0.3521,3.8814,0.08741
M,52.6,-0.3521,3.9059,0.08735
M,52.7,-0.3521,3.9306,0.08729
M,52.8,-0.3521,3.9555,0.08723
M,52.9,-0.3521,3.9806,0.08717
M,53.0,-0.3521,4.006,0.08711
M,53.1,-0.3521,4.0315,0.08705
M,53.2,-0.3521,4.0572,0.08699
M,53.3,-0.3521,4.0831,0.08693
M,53.4,-0.3521,4.1092,0.08687
M,53.5,-0.3521,4.1354,0.08681
M,53.6,-0.3521,4.1619,0.08675
M,53.7,-0.3521,4.1885,0.08669
M,53.8,-0.3521,4.2153,0.08663
M,53.9,-0.3521,4.2422,0.08657
M,54.0,-0.3521,4.2693,0.08651
M,54.1,-0.3521,4.2965,0.08645
M,54.2,-0.3521,4.3239,0.08639
M,54.3,-0.3521,4.3513,0.08633
M,54.4,-0.3521,4.3789,0.08627
M,54.5,-0.3521,4.4066,0.08621
M,54.6,-0.3521,4.4344,0.08615
M,54.7,-0.3521,4.4623,0.0861
M,54.8,-0.3521,4.4903,0.08604
M,54.9,-0.3521,4.5185,0.08598
M,55.0,-0.3521,4.5467,0.08592
M,55.1,-0.3521,4.575,0.08586
M,55.2,-0.3521,4.6034,0.0858
M,55.3,-0.3521,4.6319,0.08575
M,55.4,-0.3521,4.6605,0.08569
M,55.5,-0.3521,4.6892,0.08563
M,55.6,-0.3521,4.718,0.08558
M,55.7,-0.3521,4.7469,0.08552
M,55.8,-0.3521,4.7758,0.08546
M,55.9,-0.3521,4.8048,0.08541
M,56.0,-0.3521,4.8338,0.08535
M,56.1,-0.3521,4.8629,0.08529
M,56.2,-0.3521,4.892,0.08524
M,56.3,-0.3521,4.9212,0.08518
M,56.4,-0.3521,4.9504,0.08513
M,56.5,-0.3521,4.9796,0.08507
M,56.6,-0.3521,5.0088,0.08502
M,56.7,-0.3521,5.0381,0.08497
M,56.8,-0.3521,5.0673,0.08491
M,56.9,-0.3521,5.0966,0.08486
M,57.0,-0.3521,5.1259,0.08481
M,57.1,-0.3521,5.1551,0.08475
M,57.2,-0.3521,5.1844,0.0847
M,57.3,-0.3521,5.2137,0.08465
M,57.4,-0.3521,5.2429,0.0846
M,57.5,-0.3521,5.2721,0.08455
M,57.6,-0.3521,5.3014,0.08449
M,57.7,-0.3521,5.3306,0.08444
M,57.8,-0.3521,5.3598,0.08439
M,57.9,-0.3521,5.3889,0.08434
M,58.0,-0.3521,5.418,0.0843
M,58.1,-0.3521,5.4471,0.08425
M,58.2,-0.3521,5.4762,0.0842
M,58.3,-0.3521,5.5053,0.08415
M,58.4,-0.3521,5.5343,0.0841
M,58.5,-0.3521,5.5632,0.08406
M,58.6,-0.3521,5.5922,0.08401
M,58.7,-0.3521,5.621,0.08397
M,58.8,-0.3521,5.6499,0.08392
M,58.9,-0.3521,5.6787,0.08388
M,59.0,-0.3521,5.7074,0.08383
M,59.1,-0.3521,5.7361,0.08379
M,59.2,-0.3521,5.7647,0.08375
M,59.3,-0.3521,5.7933,0.0837
M,59.4,-0.3521,5.8217,0.08366
M,59.5,-0.3521,5.8501,0.08362
M,59.6,-0.3521,5.8784,0.08358
M,59.7,-0.3521,5.9067,0.08354
M,59.8,-0.3521,5.9348,0.0835
M,59.9,-0.3521,5.9628,0.08346
M,60.0,-0.3521,5.9907,0.08342
M,60.1,-0.3521,6.0185,0.08339
M,60.2,-0.3521,6.0461,0.08335
M,60.3,-0.3521,6.0737,0.08331
M,60.4,-0.3521,6.1011,0.08328
M,60.5,-0.3521,6.1284,0.08324
M,60.6,-0.3521,6.1556,0.08321
M,60.7,-0.3521,6.1827,0.08317
M,60.8,-0.3521,6.2096,0.08314
M,60.9,-0.3521,6.2365,0.08311
M,61.0,-0.3521,6.2632,0.08308
M,61.1,-0.3521,6.2899,0.08304
M,61.2,-0.3521,6.3164,0.08301
M,61.3,-0.3521,6.3428,0.08298
M,61.4,-0.3521,6.3692,0.08295
M,61.5,-0.3521,6.3954,0.08292
M,61.6,-0.3521,6.4215,0.0829
M,61.7,-0.3521,6.4475,0.08287
M,61.8,-0.3521,6.4735,0.08284
M,61.9,-0.3521,6.4993,0.08281
M,62.0,-0.3521,6.5251,0.08279
M,62.1,-0.3521,6.5508,0.08276
M,62.2,-0.3521,6.5764,0.08273
M,62.3,-0.3521,6.6019,0.08271
M,62.4,-0.3521,6.6273,0.08268
M,62.5,-0.3521,6.6527,0.08266
M,62.6,-0.3521,6.678,0.08264
M,62.7,-0.3521,6.7033,0.08261
M,62.8,-0.3521,6.7284,0.08259
M,62.9,-0.3521,6.7535,0.08257
M,63.0,-0.3521,6.7786,0.08255
M,63.1,-0.3521,6.8035,0.08253
M,63.2,-0.3521,6.8285,0.08251
M,63.3,-0.3521,6.8533,0.08249
M,63.4,-0.3521,6.8781,0.08247
M,63.5,-0.3521,6.9028,0.08245
M,63.6,-0.3521,6.9275,0.08243
M,63.7,-0.3521,6.9521,0.08241
M,63.8,-0.3521,6.9766,0.0824
M,63.9,-0.3521,7.0011,0.08238
M,64.0,-0.3521,7.0255,0.08236
M,64.1,-0.3521,7.0499,0.08235
M,64.2,-0.3521,7.0742,0.08233
M,64.3,-0.3521,7.0984,0.08232
M,64.4,-0.3521,7.1226,0.0823
M,64.5,-0.3521,7.1467,0.08229
M,64.6,-0.3521,7.1708,0.08228
M,64.7,-0.3521,7.1948,0.08227
M,64.8,-0.3521,7.2188,0.08225
M,64.9,-0.3521,7.2427,0.08224
M,65.0,-0.3521,7.2666,0.08223
M,65.1,-0.3521,7.2905,0.08222
M,65.2,-0.3521,7.3143,0.08221
M,65.3,-0.3521,7.338,0.0822
M,65.4,-0.3521,7.3617,0.08219
M,65.5,-0.3521,7.3854,0.08218
M,65.6,-0.3521,7.4091,0.08218
M,65.7,-0.3521,7.4327,0.08217
M,65.8,-0.3521,7.4563,0.08216
M,65.9,-0.3521,7.4799,0.08216
M,66.0,-0.3521,7.5034,0.08215
M,66.1,-0.3521,7.5269,0.08214
M,66.2,-0.3521,7.5504,0.08214
M,66.3,-0.3521,7.5738,0.08214
M,66.4,-0.3521,7.5973,0.08213
M,66.5,-0.3521,7.6206,0.08213
M,66.6,-0.3521,7.644,0.08213
M,66.7,-0.3521,7.6673,0.08212
M,66.8,-0.3521,7.6906,0.08212
M,66.9,-0.3521,7.7138,0.08212
M,67.0,-0.3521,7.737,0.08212
M,67.1,-0.3521,7.7602,0.08212
M,67.2,-0.3521,7.7834,0.08212
M,67.3,-0.3521,7.8065,0.08212
M,67.4,-0.3521,7.8296,0.08212
M,67.5,-0.3521,7.8526,0.08212
M,67.6,-0.3521,7.8757,0.08212
M,67.7,-0.3521,7.8986,0.08213
M,67.8,-0.3521,7.9216,0.08213
M,67.9,-0.3521,7.9445,0.08213
M,68.0,-0.3521,7.9674,0.08214
M,68.1,-0.3521,7.9903,0.08214
M,68.2,-0.3521,8.0132,0.08214
M,68.3,-0.3521,8.036,0.08215
M,68.4,-0.3521,8.0588,0.08215
M,68.5,-0.3521,8.0816,0.08216
M,68.6,-0.3521,8.1044,0.08217
M,68.7,-0.3521,8.1272,0.08217
M,68.8,-0.3521,8.15,0.08218
M,68.9,-0.3521,8.1727,0.08219
M,69.0,-0.3521,8.1955,0.08219
M,69.1,-0.3521,8.2183,0.0822
M,69.2,-0.3521,8.241,0.08221
M,69.3,-0.3521,8.2638,0.08222
M,69.4,-0.3521,8.2865,0.08223
M,69.5,-0.3521,8.3092,0.08224
M,69.6,-0.3521,8.332,0.08225
M,69.7,-0.3521,8.3547,0.08226
M,69.8,-0.3521,8.3774,0.08227
M,69.9,-0.3521,8.4001,0.08228
M,70.0,-0.3521,8.4227,0.08229
M,70.1,-0.3521,8.4454,0.0823
M,70.2,-0.3521,8.468,0.08231
M,70.3,-0.3521,8.4906,0.08232
M,70.4,-0.3521,8.5132,0.08233
M,70.5,-0.3521,8.5358,0.08235
M,70.6,-0.3521,8.5583,0.08236
M,70.7,-0.3521,8.5808,0.08237
M,70.8,-0.3521,8.6032,0.08238
M,70.9,-0.3521,8.6257,0.0824
M,71.0,-0.3521,8.648,0.08241
M,71.1,-0.3521,8.6704,0.08242
M,71.2,-0.3521,8.6927,0.08243
M,71.3,-0.3521,8.715,0.08245
M,71.4,-0.3521,8.7372,0.08246
M,71.5,-0.3521,8.7594,0.08248
M,71.6,-0.3521,8.7815,0.08249
M,71.7,-0.3521,8.8036,0.0825
M,71.8,-0.3521,8.8257,0.08252
M,71.9,-0.3521,8.8477,0.08253
M,72.0,-0.3521,8.8697,0.08254
M,72.1,-0.3521,8.8916,0.08256
M,72.2,-0.3521,8.9135,0.08257
M,72.3,-0.3521,8.9353,0.08259
M,72.4,-0.3521,8.9571,0.0826
M,72.5,-0.3521,8.9788,0.08262
M,72.6,-0.3521,9.0005,0.08263
M,72.7,-0.3521,9.0221,0.08264
M,72.8,-0.3521,9.0436,0.08266
M,72.9,-0.3521,9.0651,0.08267
M,73.0,-0.3521,9.0865,0.08269
M,73.1,-0.3521,9.1079,0.0827
M,73.2,-0.3521,9.1292,0.08272
M,73.3,-0.3521,9.1504,0.08273
M,73.4,-0.3521,9.1716,0.08274
M,73.5,-0.3521,9.1927,0.08276
M,73.6,-0.3521,9.2137,0.08277
M,73.7,-0.3521,9.2347,0.08278
M,73.8,-0.3521,9.2557,0.0828
M,73.9,-0.3521,9.2766,0.08281
M,74.0,-0.3521,9.2974,0.08283
M,74.1,-0.3521,9.3182,0.08284
M,74.2,-0.3521,9.339,0.08285
M,74.3,-0.3521,9.3597,0.08287
M,74.4,-0.3521,9.3803,0.08288
M,74.5,-0.3521,9.401,0.08289
M,74.6,-0.3521,9.4215,0.0829
M,74.7,-0.3521,9.442,0.08292
M,74.8,-0.3521,9.4625,0.08293
M,74.9,-0.3521,9.4829,0.08294
M,75.0,-0.3521,9.5032,0.08295
M,75.1,-0.3521,9.5235,0.08297
M,75.2,-0.3521,9.5438,0.08298
M,75.3,-0.3521,9.5639,0.08299
M,75.4,-0.3521,9.5841,0.083
M,75.5,-0.3521,9.6041,0.08301
M,75.6,-0.3521,9.6241,0.08302
M,75.7,-0.3521,9.644,0.08303
M,75.8,-0.3521,9.6639,0.08305
M,75.9,-0.3521,9.6836,0.08306
M,76.0,-0.3521,9.7033,0.08307
M,76.1,-0.3521,9.723,0.08307
M,76.2,-0.3521,9.7425,0.08308
M,76.3,-0.3521,9.762,0.08309
M,76.4,-0.3521,9.7814,0.0831
M,76.5,-0.3521,9.8007,0.08311
M,76.6,-0.3521,9.82,0.08312
M,76.7,-0.3521,9.8392,0.08312
M,76.8,-0.3521,9.8583,0.08313
M,76.9,-0.3521,9.8773,0.08314
M,77.0,-0.3521,9.8963,0.08314
M,77.1,-0.3521,9.9152,0.08315
M,77.2,-0.3521,9.9341,0.08315
M,77.3,-0.3521,9.9528,0.08316
M,77.4,-0.3521,9.9716,0.08316
M,77.5,-0.3521,9.9902,0.08317
M,77.6,-0.3521,10.0088,0.08317
M,77.7,-0.3521,10.0274,0.08317
M,77.8,-0.3521,10.0459,0.08318
M,77.9,-0.3521,10.0643,0.08318
M,78.0,-0.3521,10.0827,0.08318
M,78.1,-0.3521,10.1011,0.08318
M,78.2,-0.3521,10.1194,0.08318
M,78.3,-0.3521,10.1377,0.08318
M,78.4,-0.3521,10.1559,0.08318
M,78.5,-0.3521,10.1741,0.08318
M,78.6,-0.3521,10.1923,0.08317
M,78.7,-0.3521,10.2105,0.08317
M,78.8,-0.3521,10.2286,0.08317
M,78.9,-0.3521,10.2468,0.08316
M,79.0,-0.3521,10.2649,0.08316
M,79.1,-0.3521,10.2831,0.08315
M,79.2,-0.3521,10.3012,0.08315
M,79.3,-0.3521,10.3194,0.08314
M,79.4,-0.3521,10.3376,0.08313
M,79.5,-0.3521,10.3558,0.08313
M,79.6,-0.3521,10.3741,0.08312
M,79.7,-0.3521,10.3923,0.08311
M,79.8,-0.3521,10.4107,0.0831
M,79.9,-0.3521,10.4291,0.08309
M,80.0,-0.3521,10.4475,0.08308
M,80.1,-0.3521,10.466,0.08307
M,80.2,-0.3521,10.4845,0.08305
M,80.3,-0.3521,10.5031,0.08304
M,80.4,-0.3521,10.5217,0.08303
M,80.5,-0.3521,10.5405,0.08301
M,80.6,-0.3521,10.5592,0.083
M,80.7,-0.3521,10.5781,0.08298
M,80.8,-0.3521,10.597,0.08297
M,80.9,-0.3521,10.6161,0.08295
M,81.0,-0.3521,10.6352,0.08293
M,81.1,-0.3521,10.6544,0.08291
M,81.2,-0.3521,10.6737,0.0829
M,81.3,-0.3521,10.6931,0.08288
M,81.4,-0.3521,10.7126,0.08286
M,81.5,-0.3521,10.7322,0.08284
M,81.6,-0.3521,10.752,0.08282
M,81.7,-0.3521,10.7718,0.08279
M,81.8,-0.3521,10.7918,0.08277
M,81.9,-0.3521,10.8119,0.08275
M,82.0,-0.3521,10.8321,0.08273
M,82.1,-0.3521,10.8524,0.0827
M,82.2,-0.3521,10.8728,0.08268
M,82.3,-0.3521,10.8934,0.08265
M,82.4,-0.3521,10.9142,0.08263
M,82.5,-0.3521,10.935,0.0826
M,82.6,-0.3521,10.956,0.08258
M,82.7,-0.3521,10.9772,0.08255
M,82.8,-0.3521,10.9985,0.08252
M,82.9,-0.3521,11.0199,0.08249
M,83.0,-0.3521,11.0415,0.08246
M,83.1,-0.3521,11.0632,0.08244
M,83.2,-0.3521,11.0851,0.08241
M,83.3,-0.3521,11.1071,0.08238
M,83.4,-0.3521,11.1293,0.08235
M,83.5,-0.3521,11.1516,0.08231
M,83.6,-0.3521,11.174,0.08228
M,83.7,-0.3521,11.1966,0.08225
M,83.8,-0.3521,11.2193,0.08222
M,83.9,-0.3521,11.2422,0.08219
M,84.0,-0.3521,11.2651,0.08215
M,84.1,-0.3521,11.2882,0.08212
M,84.2,-0.3521,11.3114,0.08209
M,84.3,-0.3521,11.3347,0.08205
M,84.4,-0.3521,11.3581,0.08202
M,84.5,-0.3521,11.3817,0.08198
M,84.6,-0.3521,11.4053,0.08195
M,84.7,-0.3521,11.429,0.08191
M,84.8,-0.3521,11.4529,0.08188
M,84.9,-0.3521,11.4768,0.08184
M,85.0,-0.3521,11.5007,0.08181
M,85.1,-0.3521,11.5248,0.08177
M,85.2,-0.3521,11.549,0.08174
M,85.3,-0.3521,11.5732,0.0817
M,85.4,-0.3521,11.5975,0.08166
M,85.5,-0.3521,11.6218,0.08163
M,85.6,-0.3521,11.6462,0.08159
M,85.7,-0.3521,11.6707,0.08156
M,85.8,-0.3521,11.6952,0.08152
M,85.9,-0.3521,11.7198,0.08148
M,86.0,-0.3521,11.7444,0.08145
M,86.1,-0.3521,11.769,0.08141
M,86.2,-0.3521,11.7937,0.08138
M,86.3,-0.3521,11.8184,0.08134
M,86.4,-0.3521,11.8431,0.08131
M,86.5,-0.3521,11.8678,0.08128
M,86.6,-0.3521,11.8926,0.08124
M,86.7,-0.3521,11.9173,0.08121
M,86.8,-0.3521,11.9421,0.08118
M,86.9,-0.3521,11.9668,0.08114
M,87.0,-0.3521,11.9916,0.08111
M,87.1,-0.3521,12.0163,0.08108
M,87.2,-0.3521,12.0411,0.08105
M,87.3,-0.3521,12.0658,0.08102
M,87.4,-0.3521,12.0905,0.08099
M,87.5,-0.3521,12.1152,0.08096
M,87.6,-0.3521,12.1398,0.08093
M,87.7,-0.3521,12.1645,0.0809
M,87.8,-0.3521,12.1891,0.08087
M,87.9,-0.3521,12.2136,0.08084
M,88.0,-0.3521,12.2382,0.08082
M,88.1,-0.3521,12.2627,0.08079
M,88.2,-0.3521,12.2871,0.08076
M,88.3,-0.3521,12.3116,0.08074
M,88.4,-0.3521,12.336,0.08071
M,88.5,-0.3521,12.3603,0.08069
M,88.6,-0.3521,12.3846,0.08067
M,88.7,-0.3521,12.4089,0.08064
M,88.8,-0.3521,12.4332,0.08062
M,88.9,-0.3521,12.4574,0.0806
M,89.0,-0.3521,12.4815,0.08058
M,89.1,-0.3521,12.5057,0.08056
M,89.2,-0.3521,12.5298,0.08054
M,89.3,-0.3521,12.5538,0.08052
M,89.4,-0.3521,12.5778,0.0805
M,89.5,-0.3521,12.6017,0.08048
M,89.6,-0.3521,12.6257,0.08047
M,89.7,-0.3521,12.6495,0.08045
M,89.8,-0.3521,12.6734,0.08044
M,89.9,-0.3521,12.6972,0.08042
M,90.0,-0.3521,12.7209,0.08041
M,90.1,-0.3521,12.7446,0.08039
M,90.2,-0.3521,12.7683,0.08038
M,90.3,-0.3521,12.792,0.08037
M,90.4,-0.3521,12.8156,0.08035
M,90.5,-0.3521,12.8392,0.08034
M,90.6,-0.3521,12.8628,0.08033
M,90.7,-0.3521,12.8864,0.08032
M,90.8,-0.3521,12.9099,0.08031
M,90.9,-0.3521,12.9334,0.0803
M,91.0,-0.3521,12.9569,0.0803
M,91.1,-0.3521,12.9804,0.08029
M,91.2,-0.3521,13.0038,0.08028
M,91.3,-0.3521,13.0273,0.08027
M,91.4,-0.3521,13.0507,0.08027
M,91.5,-0.3521,13.0742,0.08026
M,91.6,-0.3521,13.0976,0.08026
M,91.7,-0.3521,13.1209,0.08025
M,91.8,-0.3521,13.1443,0.08025
M,91.9,-0.3521,13.1677,0.08025
M,92.0,-0.3521,13.191,0.08025
M,92.1,-0.3521,13.2143,0.08025
M,92.2,-0.3521,13.2376,0.08024
M,92.3,-0.3521,13.2609,0.08024
M,92.4,-0.3521,13.2842,0.08024
M,92.5,-0.3521,13.3075,0.08025
M,92.6,-0.3521,13.3308,0.08025
M,92.7,-0.3521,13.3541,0.08025
M,92.8,-0.3521,13.3773,0.08025
M,92.9,-0.3521,13.4006,0.08026
M,93.0,-0.3521,13.4239,0.08026
M,93.1,-0.3521,13.4472,0.08027
M,93.2,-0.3521,13.4705,0.08027
M,93.3,-0.3521,13.4937,0.08028
M,93.4,-0.3521,13.5171,0.08028
M,93.5,-0.3521,13.5404,0.08029
M,93.6,-0.3521,13.5637,0.0803
M,93.7,-0.3521,13.587,0.08031
M,93.8,-0.3521,13.6104,0.08032
M,93.9,-0.3521,13.6338,0.08033
M,94.0,-0.3521,13.6572,0.08034
M,94.1,-0.3521,13.6806,0.08035
M,94.2,-0.3521,13.7041,0.08036
M,94.3,-0.3521,13.7275,0.08037
M,94.4,-0.3521,13.751,0.08038
M,94.5,-0.3521,13.7746,0.0804
M,94.6,-0.3521,13.7981,0.08041
M,94.7,-0.3521,13.8217,0.08043
M,94.8,-0.3521,13.8454,0.08044
M,94.9,-0.3521,13.8691,0.08046
M,95.0,-0.3521,13.8928,0.08047
M,95.1,-0.3521,13.9165,0.08049
M,95.2,-0.3521,13.9403,0.08051
M,95.3,-0.3521,13.9642,0.08052
M,95.4,-0.3521,13.9881,0.08054
M,95.5,-0.3521,14.012,0.08056
M,95.6,-0.3521,14.036,0.08058
M,95.7,-0.3521,14.06,0.0806
M,95.8,-0.3521,14.0841,0.08062
M,95.9,-0.3521,14.1083,0.08064
M,96.0,-0.3521,14.1325,0.08067
M,96.1,-0.3521,14.1567,0.08069
M,96.2,-0.3521,14.1811,0.08071
M,96.3,-0.3521,14.2055,0.08073
M,96.4,-0.3521,14.2299,0.08076
M,96.5,-0.3521,14.2544,0.08078
M,96.6,-0.3521,14.279,0.08081
M,96.7,-0.3521,14.3037,0.08083
M,96.8,-0.3521,14.3284,0.08086
M,96.9,-0.3521,14.3533,0.08089
M,97.0,-0.3521,14.3782,0.08092
M,97.1,-0.3521,14.4031,0.08094
M,97.2,-0.3521,14.4282,0.08097
M,97.3,-0.3521,14.4533,0.081
M,97.4,-0.3521,14.4785,0.08103
M,97.5,-0.3521,14.5038,0.08106
M,97.6,-0.3521,14.5292,0.08109
M,97.7,-0.3521,14.5547,0.08112
M,97.8,-0.3521,14.5802,0.08116
M,97.9,-0.3521,14.6058,0.08119
M,98.0,-0.3521,14.6316,0.08122
M,98.1,-0.3521,14.6574,0.08125
M,98.2,-0.3521,14.6832,0.08129
M,98.3,-0.3521,14.7092,0.08132
M,98.4,-0.3521,14.7353,0.08136
M,98.5,-0.3521,14.7614,0.08139
M,98.6,-0.3521,14.7877,0.08143
M,98.7,-0.3521,14.814,0.08146
M,98.8,-0.3521,14.8404,0.0815
M,98.9,-0.3521,14.8669,0.08154
M,99.0,-0.3521,14.8934,0.08157
M,99.1,-0.3521,14.9201,0.08161
M,99.2,-0.3521,14.9468,0.08165
M,99.3,-0.3521,14.9736,0.08169
M,99.4,-0.3521,15.0005,0.08173
M,99.5,-0.3521,15.0275,0.08177
M,99.6,-0.3521,15.0546,0.08181
M,99.7,-0.3521,15.0818,0.08185
M,99.8,-0.3521,15.109,0.08189
M,99.9,-0.3521,15.1363,0.08194
M,100.0,-0.3521,15.1637,0.08198
M,100.1,-0.3521,15.1912,0.08202
M,100.2,-0.3521,15.2187,0.08206
M,100.3,-0.3521,15.2463,0.08211
M,100.4,-0.3521,15.274,0.08215
M,100.5,-0.3521,15.3018,0.0822
M,100.6,-0.3521,15.3297,0.08224
M,100.7,-0.3521,15.3576,0.08229
M,100.8,-0.3521,15.3856,0.08233
M,100.9,-0.3521,15.4137,0.08238
M,101.0,-0.3521,15.4419,0.08243
M,101.1,-0.3521,15.4701,0.08247
M,101.2,-0.3521,15.4985,0.08252
M,101.3,-0.3521,15.5268,0.08257
M,101.4,-0.3521,15.5553,0.08262
M,101.5,-0.3521,15.5838,0.08267
M,101.6,-0.3521,15.6125,0.08272
M,101.7,-0.3521,15.6412,0.08277
M,101.8,-0.3521,15.6699,0.08281
M,101.9,-0.3521,15.6987,0.08287
M,102.0,-0.3521,15.7276,0.08292
M,102.1,-0.3521,15.7566,0.08297
M,102.2,-0.3521,15.7857,0.08302
M,102.3,-0.3521,15.8148,0.08307
M,102.4,-0.3521,15.844,0.08312
M,102.5,-0.3521,15.8732,0.08317
M,102.6,-0.3521,15.9026,0.08322
M,102.7,-0.3521,15.932,0.08328
M,102.8,-0.3521,15.9615,0.08333
M,102.9,-0.3521,15.991,0.08338
M,103.0,-0.3521,16.0206,0.08343
M,103.1,-0.3521,16.0503,0.08349
M,103.2,-0.3521,16.0801,0.08354
M,103.3,-0.3521,16.1099,0.08359
M,103.4,-0.3521,16.1398,0.08365
M,103.5,-0.3521,16.1697,0.0837
M,103.6,-0.3521,16.1997,0.08376
M,103.7,-0.3521,16.2298,0.08381
M,103.8,-0.3521,16.26,0.08386
M,103.9,-0.3521,16.2902,0.08392
M,104.0,-0.3521,16.3204,0.08397
M,104.1,-0.3521,16.3508,0.08403
M,104.2,-0.3521,16.3812,0.08408
M,104.3,-0.3521,16.4117,0.08414
M,104.4,-0.3521,16.4422,0.08419
M,104.5,-0.3521,16.4728,0.08425
M,104.6,-0.3521,16.5035,0.08431
M,104.7,-0.3521,16.5342,0.08436
M,104.8,-0.3521,16.565,0.08442
M,104.9,-0.3521,16.5959,0.08447
M,105.0,-0.3521,16.6268,0.08453
M,105.1,-0.3521,16.6579,0.08458
M,105.2,-0.3521,16.6889,0.08464
M,105.3,-0.3521,16.7201,0.0847
M,105.4,-0.3521,16.7513,0.08475
M,105.5,-0.3521,16.7826,0.08481
M,105.6,-0.3521,16.8139,0.08487
M,105.7,-0.3521,16.8454,0.08493
M,105.8,-0.3521,16.8769,0.08498
M,105.9,-0.3521,16.9084,0.08504
M,106.0,-0.3521,16.9401,0.0851
M,106.1,-0.3521,16.9718,0.08516
M,106.2,-0.3521,17.0036,0.08521
M,106.3,-0.3521,17.0355,0.08527
M,106.4,-0.3521,17.0674,0.08533
M,106.5,-0.3521,17.0995,0.08539
M,106.6,-0.3521,17.1316,0.08545
M,106.7,-0.3521,17.1637,0.08551
M,106.8,-0.3521,17.196,0.08557
M,106.9,-0.3521,17.2283,0.08562
M,107.0,-0.3521,17.2607,0.08568
M,107.1,-0.3521,17.2931,0.08574
M,107.2,-0.3521,17.3256,0.0858
M,107.3,-0.3521,17.3582,0.08586
M,107.4,-0.3521,17.3909,0.08592
M,107.5,-0.3521,17.4237,0.08599
M,107.6,-0.3521,17.4565,0.08605
M,107.7,-0.3521,17.4894,0.08611
M,107.8,-0.3521,17.5224,0.08617
M,107.9,-0.3521,17.5554,0.08623
M,108.0,-0.3521,17.5885,0.08629
M,108.1,-0.3521,17.6217,0.08635
M,108.2,-0.3521,17.655,0.08641
M,108.3,-0.3521,17.6884,0.08648
M,108.4,-0.3521,17.7218,0.08654
M,108.5,-0.3521,17.7553,0.0866
M,108.6,-0.3521,17.7889,0.08666
M,108.7,-0.3521,17.8226,0.08673
M,108.8,-0.3521,17.8564,0.08679
M,108.9,-0.3521,17.8903,0.08685
M,109.0,-0.3521,17.9242,0.08691
M,109.1,-0.3521,17.9583,0.08698
M,109.2,-0.3521,17.9924,0.08704
M,109.3,-0.3521,18.0267,0.0871
M,109.4,-0.3521,18.061,0.08717
M,109.5,-0.3521,18.0954,0.08723
M,109.6,-0.3521,18.1299,0.0873
M,109.7,-0.3521,18.1645,0.08736
M,109.8,-0.3521,18.1992,0.08742
M,109.9,-0.3521,18.234,0.08749
M,110.0,-0.3521,18.2689,0.08755
F,45.0,-0.3833,2.4607,0.09029
F,45.1,-0.3833,2.4777,0.0903
F,45.2,-0.3833,2.4947,0.0903
F,45.3,-0.3833,2.5117,0.09031
F,45.4,-0.3833,2.5287,0.09032
F,45.5,-0.3833,2.5457,0.09033
F,45.6,-0.3833,2.5627,0.09033
F,45.7,-0.3833,2.5797,0.09034
F,45.8,-0.3833,2.5967,0.09035
F,45.9,-0.3833,2.6137,0.09036
F,46.0,-0.3833,2.6306,0.09037
F,46.1,-0.3833,2.6476,0.09037
F,46.2,-0.3833,2.6646,0.09038
F,46.3,-0.3833,2.6816,0.09039
F,46.4,-0.3833,2.6986,0.0904
F,46.5,-0.3833,2.7155,0.0904
F,46.6,-0.3833,2.7326,0.09041
F,46.7,-0.3833,2.7496,0.09042
F,46.8,-0.3833,2.7666,0.09043
F,46.9,-0.3833,2.7837,0.09044
F,47.0,-0.3833,2.8007,0.09044
F,47.1,-0.3833,2.8179,0.09045
F,47.2,-0.3833,2.835,0.09046
F,47.3,-0.3833,2.8522,0.09047
F,47.4,-0.3833,2.8694,0.09047
F,47.5,-0.3833,2.8867,0.09048
F,47.6,-0.3833,2.9041,0.09049
F,47.7,-0.3833,2.9215,0.0905
F,47.8,-0.3833,2.939,0.0905
F,47.9,-0.3833,2.9565,0.09051
F,48.0,-0.3833,2.9741,0.09052
F,48.1,-0.3833,2.9918,0.09053
F,48.2,-0.3833,3.0096,0.09054
F,48.3,-0.3833,3.0275,0.09054
F,48.4,-0.3833,3.0455,0.09055
F,48.5,-0.3833,3.0636,0.09056
F,48.6,-0.3833,3.0818,0.09057
F,48.7,-0.3833,3.1001,0.09057
F,48.8,-0.3833,3.1186,0.09058
F,48.9,-0.3833,3.1372,0.09059
F,49.0,-0.3833,3.156,0.0906
F,49.1,-0.3833,3.1749,0.09061
F,49.2,-0.3833,3.1939,0.09061
F,49.3,-0.3833,3.2131,0.09062
F,49.4,-0.3833,3.2325,0.09063
F,49.5,-0.3833,3.252,0.09064
F,49.6,-0.3833,3.2717,0.09065
F,49.7,-0.3833,3.2915,0.09065
F,49.8,-0.3833,3.3114,0.09066
F,49.9,-0.3833,3.3316,0.09067
F,50.0,-0.3833,3.3518,0.09068
F,50.1,-0.3833,3.3723,0.09069
F,50.2,-0.3833,3.3929,0.09069
F,50.3,-0.3833,3.4136,0.0907
F,50.4,-0.3833,3.4346,0.09071
F,50.5,-0.3833,3.4557,0.09072
F,50.6,-0.3833,3.4769,0.09073
F,50.7,-0.3833,3.4983,0.09074
F,50.8,-0.3833,3.5199,0.09074
F,50.9,-0.3833,3.5417,0.09075
F,51.0,-0.3833,3.5636,0.09076
F,51.1,-0.3833,3.5856,0.09077
F,51.2,-0.3833,3.6078,0.09078
F,51.3,-0.3833,3.6302,0.09079
F,51.4,-0.3833,3.6527,0.0908
F,51.5,-0.3833,3.6754,0.0908
F,51.6,-0.3833,3.6982,0.09081
F,51.7,-0.3833,3.7212,0.09082
F,51.8,-0.3833,3.7444,0.09083
F,51.9,-0.3833,3.7677,0.09084
F,52.0,-0.3833,3.7911,0.09085
F,52.1,-0.3833,3.8147,0.09086
F,52.2,-0.3833,3.8385,0.09086
F,52.3,-0.3833,3.8623,0.09087
F,52.4,-0.3833,3.8863,0.09088
F,52.5,-0.3833,3.9105,0.09089
F,52.6,-0.3833,3.9348,0.0909
F,52.7,-0.3833,3.9592,0.09091
F,52.8,-0.3833,3.9837,0.09092
F,52.9,-0.3833,4.0084,0.09093
F,53.0,-0.3833,4.0332,0.09093
F,53.1,-0.3833,4.0581,0.09094
F,53.2,-0.3833,4.0832,0.09095
F,53.3,-0.3833,4.1084,0.09096
F,53.4,-0.3833,4.1337,0.09097
F,53.5,-0.3833,4.1591,0.09098
F,53.6,-0.3833,4.1846,0.09099
F,53.7,-0.3833,4.2102,0.09099
F,53.8,-0.3833,4.2359,0.091
F,53.9,-0.3833,4.2617,0.09101
F,54.0,-0.3833,4.2875,0.09102
F,54.1,-0.3833,4.3135,0.09103
F,54.2,-0.3833,4.3395,0.09104
F,54.3,-0.3833,4.3655,0.09105
F,54.4,-0.3833,4.3917,0.09105
F,54.5,-0.3833,4.4179,0.09106
F,54.6,-0.3833,4.4442,0.09107
F,54.7,-0.3833,4.4705,0.09108
F,54.8,-0.3833,4.4969,0.09109
F,54.9,-0.3833,4.5233,0.09109
F,55.0,-0.3833,4.5498,0.0911
F,55.1,-0.3833,4.5763,0.09111
F,55.2,-0.3833,4.6029,0.09112
F,55.3,-0.3833,4.6295,0.09113
F,55.4,-0.3833,4.6561,0.09113
F,55.5,-0.3833,4.6827,0.09114
F,55.6,-0.3833,4.7094,0.09115
F,55.7,-0.3833,4.7361,0.09116
F,55.8,-0.3833,4.7628,0.09116
F,55.9,-0.3833,4.7895,0.09117
F,56.0,-0.3833,4.8162,0.09118
F,56.1,-0.3833,4.843,0.09119
F,56.2,-0.3833,4.8697,0.09119
F,56.3,-0.3833,4.8964,0.0912
F,56.4,-0.3833,4.9232,0.09121
F,56.5,-0.3833,4.95,0.09121
F,56.6,-0.3833,4.9767,0.09122
F,56.7,-0.3833,5.0034,0.09123
F,56.8,-0.3833,5.0302,0.09123
F,56.9,-0.3833,5.0569,0.09124
F,57.0,-0.3833,5.0837,0.09125
F,57.1,-0.3833,5.1104,0.09125
F,57.2,-0.3833,5.1371,0.09126
F,57.3,-0.3833,5.1639,0.09126
F,57.4,-0.3833,5.1906,0.09127
F,57.5,-0.3833,5.2173,0.09128
F,57.6,-0.3833,5.244,0.09128
F,57.7,-0.3833,5.2707,0.09129
F,57.8,-0.3833,5.2974,0.09129
F,57.9,-0.3833,5.324,0.0913
F,58.0,-0.3833,5.3507,0.0913
F,58.1,-0.3833,5.3773,0.09131
F,58.2,-0.3833,5.4039,0.09131
F,58.3,-0.3833,5.4304,0.09131
F,58.4,-0.3833,5.4569,0.09132
F,58.5,-0.3833,5.4834,0.09132
F,58.6,-0.3833,5.5098,0.09133
F,58.7,-0.3833,5.5362,0.09133
F,58.8,-0.3833,5.5625,0.09133
F,58.9,-0.3833,5.5888,0.09134
F,59.0,-0.3833,5.6151,0.09134
F,59.1,-0.3833,5.6413,0.09134
F,59.2,-0.3833,5.6674,0.09135
F,59.3,-0.3833,5.6935,0.09135
F,59.4,-0.3833,5.7195,0.09135
F,59.5,-0.3833,5.7454,0.09135
F,59.6,-0.3833,5.7713,0.09136
F,59.7,-0.3833,5.7971,0.09136
F,59.8,-0.3833,5.8229,0.09136
F,59.9,-0.3833,5.8485,0.09136
F,60.0,-0.3833,5.8742,0.09136
F,60.1,-0.3833,5.8997,0.09136
F,60.2,-0.3833,5.9252,0.09137
F,60.3,-0.3833,5.9507,0.09137
F,60.4,-0.3833,5.9761,0.09137
F,60.5,-0.3833,6.0014,0.09137
F,60.6,-0.3833,6.0266,0.09137
F,60.7,-0.3833,6.0518,0.09137
F,60.8,-0.3833,6.0769,0.09137
F,60.9,-0.3833,6.102,0.09137
F,61.0,-0.3833,6.127,0.09137
F,61.1,-0.3833,6.1519,0.09137
F,61.2,-0.3833,6.1768,0.09136
F,61.3,-0.3833,6.2017,0.09136
F,61.4,-0.3833,6.2264,0.09136
F,61.5,-0.3833,6.2511,0.09136
F,61.6,-0.3833,6.2758,0.09136
F,61.7,-0.3833,6.3004,0.09136
F,61.8,-0.3833,6.3249,0.09135
F,61.9,-0.3833,6.3494,0.09135
F,62.0,-0.3833,6.3738,0.09135
F,62.1,-0.3833,6.3981,0.09135
F,62.2,-0.3833,6.4224,0.09134
F,62.3,-0.3833,6.4466,0.09134
F,62.4,-0.3833,6.4708,0.09134
F,62.5,-0.3833,6.4948,0.09133
F,62.6,-0.3833,6.5189,0.09133
F,62.7,-0.3833,6.5429,0.09133
F,62.8,-0.3833,6.5668,0.09132
F,62.9,-0.3833,6.5906,0.09132
F,63.0,-0.3833,6.6144,0.09131
F,63.1,-0.3833,6.6382,0.09131
F,63.2,-0.3833,6.6619,0.0913
F,63.3,-0.3833,6.6856,0.0913
F,63.4,-0.3833,6.7092,0.09129
F,63.5,-0.3833,6.7328,0.09129
F,63.6,-0.3833,6.7563,0.09128
F,63.7,-0.3833,6.7798,0.09128
F,63.8,-0.3833,6.8033,0.09127
F,63.9,-0.3833,6.8267,0.09127
F,64.0,-0.3833,6.8501,0.09126
F,64.1,-0.3833,6.8734,0.09125
F,64.2,-0.3833,6.8967,0.09125
F,64.3,-0.3833,6.9199,0.09124
F,64.4,-0.3833,6.9431,0.09123
F,64.5,-0.3833,6.9662,0.09123
F,64.6,-0.3833,6.9893,0.09122
F,64.7,-0.3833,7.0124,0.09121
F,64.8,-0.3833,7.0354,0.0912
F,64.9,-0.3833,7.0583,0.0912
F,65.0,-0.3833,7.0812,0.09119
F,65.1,-0.3833,7.1041,0.09118
F,65.2,-0.3833,7.1269,0.09117
F,65.3,-0.3833,7.1497,0.09116
F,65.4,-0.3833,7.1724,0.09116
F,65.5,-0.3833,7.195,0.09115
F,65.6,-0.3833,7.2177,0.09114
F,65.7,-0.3833,7.2402,0.09113
F,65.8,-0.3833,7.2627,0.09112
F,65.9,-0.3833,7.2852,0.09111
F,66.0,-0.3833,7.3076,0.0911
F,66.1,-0.3833,7.33,0.09109
F,66.2,-0.3833,7.3523,0.09109
F,66.3,-0.3833,7.3745,0.09108
F,66.4,-0.3833,7.3967,0.09107
F,66.5,-0.3833,7.4189,0.09106
F,66.6,-0.3833,7.441,0.09105
F,66.7,-0.3833,7.463,0.09104
F,66.8,-0.3833,7.485,0.09103
F,66.9,-0.3833,7.5069,0.09102
F,67.0,-0.3833,7.5288,0.09101
F,67.1,-0.3833,7.5507,0.091
F,67.2,-0.3833,7.5724,0.09099
F,67.3,-0.3833,7.5942,0.09098
F,67.4,-0.3833,7.6158,0.09097
F,67.5,-0.3833,7.6375,0.09096
F,67.6,-0.3833,7.659,0.09095
F,67.7,-0.3833,7.6806,0.09094
F,67.8,-0.3833,7.702,0.09093
F,67.9,-0.3833,7.7234,0.09091
F,68.0,-0.3833,7.7448,0.0909
F,68.1,-0.3833,7.7661,0.09089
F,68.2,-0.3833,7.7874,0.09088
F,68.3,-0.3833,7.8086,0.09087
F,68.4,-0.3833,7.8298,0.09086
F,68.5,-0.3833,7.8509,0.09085
F,68.6,-0.3833,7.872,0.09084
F,68.7,-0.3833,7.893,0.09083
F,68.8,-0.3833,7.914,0.09082
F,68.9,-0.3833,7.935,0.0908
F,69.0,-0.3833,7.9559,0.09079
F,69.1,-0.3833,7.9768,0.09078
F,69.2,-0.3833,7.9976,0.09077
F,69.3,-0.3833,8.0184,0.09076
F,69.4,-0.3833,8.0392,0.09075
F,69.5,-0.3833,8.0599,0.09074
F,69.6,-0.3833,8.0806,0.09072
F,69.7,-0.3833,8.1012,0.09071
F,69.8,-0.3833,8.1218,0.0907
F,69.9,-0.3833,8.1424,0.09069
F,70.0,-0.3833,8.163,0.09068
F,70.1,-0.3833,8.1835,0.09067
F,70.2,-0.3833,8.2039,0.09065
F,70.3,-0.3833,8.2244,0.09064
F,70.4,-0.3833,8.2448,0.09063
F,70.5,-0.3833,8.2651,0.09062
F,70.6,-0.3833,8.2855,0.09061
F,70.7,-0.3833,8.3058,0.09059
F,70.8,-0.3833,8.3261,0.09058
F,70.9,-0.3833,8.3464,0.09057
F,71.0,-0.3833,8.3666,0.09056
F,71.1,-0.3833,8.3869,0.09055
F,71.2,-0.3833,8.4071,0.09053
F,71.3,-0.3833,8.4273,0.09052
F,71.4,-0.3833,8.4474,0.09051
F,71.5,-0.3833,8.4676,0.0905
F,71.6,-0.3833,8.4877,0.09048
F,71.7,-0.3833,8.5078,0.09047
F,71.8,-0.3833,8.5278,0.09046
F,71.9,-0.3833,8.5479,0.09045
F,72.0,-0.3833,8.5679,0.09043
F,72.1,-0.3833,8.5879,0.09042
F,72.2,-0.3833,8.6078,0.09041
F,72.3,-0.3833,8.6277,0.0904
F,72.4,-0.3833,8.6476,0.09039
F,72.5,-0.3833,8.6674,0.09037
F,72.6,-0.3833,8.6872,0.09036
F,72.7,-0.3833,8.707,0.09035
F,72.8,-0.3833,8.7267,0.09034
F,72.9,-0.3833,8.7464,0.09032
F,73.0,-0.3833,8.7661,0.09031
F,73.1,-0.3833,8.7857,0.0903
F,73.2,-0.3833,8.8053,0.09028
F,73.3,-0.3833,8.8248,0.09027
F,73.4,-0.3833,8.8443,0.09026
F,73.5,-0.3833,8.8638,0.09025
F,73.6,-0.3833,8.8831,0.09023
F,73.7,-0.3833,8.9025,0.09022
F,73.8,-0.3833,8.9217,0.09021
F,73.9,-0.3833,8.941,0.0902
F,74.0,-0.3833,8.9601,0.09018
F,74.1,-0.3833,8.9792,0.09017
F,74.2,-0.3833,8.9983,0.09016
F,74.3,-0.3833,9.0173,0.09014
F,74.4,-0.3833,9.0363,0.09013
F,74.5,-0.3833,9.0552,0.09012
F,74.6,-0.3833,9.074,0.09011
F,74.7,-0.3833,9.0928,0.09009
F,74.8,-0.3833,9.1116,0.09008
F,74.9,-0.3833,9.1303,0.09007
F,75.0,-0.3833,9.149,0.09005
F,75.1,-0.3833,9.1676,0.09004
F,75.2,-0.3833,9.1862,0.09003
F,75.3,-0.3833,9.2048,0.09001
F,75.4,-0.3833,9.2233,0.09
F,75.5,-0.3833,9.2418,0.08999
F,75.6,-0.3833,9.2602,0.08997
F,75.7,-0.3833,9.2786,0.08996
F,75.8,-0.3833,9.297,0.08995
F,75.9,-0.3833,9.3154,0.08993
F,76.0,-0.3833,9.3337,0.08992
F,76.1,-0.3833,9.352,0.08991
F,76.2,-0.3833,9.3703,0.08989
F,76.3,-0.3833,9.3886,0.08988
F,76.4,-0.3833,9.4069,0.08987
F,76.5,-0.3833,9.4252,0.08985
F,76.6,-0.3833,9.4435,0.08984
F,76.7,-0.3833,9.4617,0.08983
F,76.8,-0.3833,9.48,0.08981
F,76.9,-0.3833,9.4983,0.0898
F,77.0,-0.3833,9.5166,0.08979
F,77.1,-0.3833,9.535,0.08977
F,77.2,-0.3833,9.5533,0.08976
F,77.3,-0.3833,9.5717,0.08975
F,77.4,-0.3833,9.5901,0.08973
F,77.5,-0.3833,9.6086,0.08972
F,77.6,-0.3833,9.6271,0.08971
F,77.7,-0.3833,9.6456,0.08969
F,77.8,-0.3833,9.6642,0.08968
F,77.9,-0.3833,9.6828,0.08966
F,78.0,-0.3833,9.7015,0.08965
F,78.1,-0.3833,9.7202,0.08964
F,78.2,-0.3833,9.739,0.08963
F,78.3,-0.3833,9.7578,0.08961
F,78.4,-0.3833,9.7767,0.0896
F,78.5,-0.3833,9.7957,0.08959
F,78.6,-0.3833,9.8147,0.08957
F,78.7,-0.3833,9.8338,0.08956
F,78.8,-0.3833,9.853,0.08955
F,78.9,-0.3833,9.8722,0.08953
F,79.0,-0.3833,9.8915,0.08952
F,79.1,-0.3833,9.9109,0.08951
F,79.2,-0.3833,9.9303,0.0895
F,79.3,-0.3833,9.9499,0.08948
F,79.4,-0.3833,9.9695,0.08947
F,79.5,-0.3833,9.9892,0.08946
F,79.6,-0.3833,10.009,0.08945
F,79.7,-0.3833,10.0289,0.08943
F,79.8,-0.3833,10.0489,0.08942
F,79.9,-0.3833,10.069,0.08941
F,80.0,-0.3833,10.0891,0.0894
F,80.1,-0.3833,10.1094,0.08939
F,80.2,-0.3833,10.1298,0.08937
F,80.3,-0.3833,10.1503,0.08936
F,80.4,-0.3833,10.1709,0.08935
F,80.5,-0.3833,10.1916,0.08934
F,80.6,-0.3833,10.2123,0.08933
F,80.7,-0.3833,10.2332,0.08932
F,80.8,-0.3833,10.2542,0.0893
F,80.9,-0.3833,10.2753,0.08929
F,81.0,-0.3833,10.2965,0.08928
F,81.1,-0.3833,10.3178,0.08927
F,81.2,-0.3833,10.3393,0.08926
F,81.3,-0.3833,10.3608,0.08925
F,81.4,-0.3833,10.3824,0.08924
F,81.5,-0.3833,10.4041,0.08923
F,81.6,-0.3833,10.4258,0.08922
F,81.7,-0.3833,10.4477,0.08921
F,81.8,-0.3833,10.4697,0.0892
F,81.9,-0.3833,10.4918,0.08919
F,82.0,-0.3833,10.514,0.08918
F,82.1,-0.3833,10.5363,0.08917
F,82.2,-0.3833,10.5586,0.08916
F,82.3,-0.3833,10.5811,0.08915
F,82.4,-0.3833,10.6037,0.08915
F,82.5,-0.3833,10.6263,0.08914
F,82.6,-0.3833,10.6491,0.08913
F,82.7,-0.3833,10.6719,0.08912
F,82.8,-0.3833,10.6948,0.08911
F,82.9,-0.3833,10.7178,0.0891
F,83.0,-0.3833,10.741,0.0891
F,83.1,-0.3833,10.7641,0.08909
F,83.2,-0.3833,10.7874,0.08908
F,83.3,-0.3833,10.8108,0.08907
F,83.4,-0.3833,10.8343,0.08907
F,83.5,-0.3833,10.8578,0.08906
F,83.6,-0.3833,10.8814,0.08905
F,83.7,-0.3833,10.9051,0.08905
F,83.8,-0.3833,10.9289,0.08904
F,83.9,-0.3833,10.9527,0.08903
F,84.0,-0.3833,10.9767,0.08903
F,84.1,-0.3833,11.0007,0.08902
F,84.2,-0.3833,11.0248,0.08902
F,84.3,-0.3833,11.0489,0.08901
F,84.4,-0.3833,11.0731,0.08901
F,84.5,-0.3833,11.0974,0.089
F,84.6,-0.3833,11.1218,0.089
F,84.7,-0.3833,11.1462,0.08899
F,84.8,-0.3833,11.1707,0.08899
F,84.9,-0.3833,11.1952,0.08899
F,85.0,-0.3833,11.2198,0.08898
F,85.1,-0.3833,11.2444,0.08898
F,85.2,-0.3833,11.2691,0.08897
F,85.3,-0.3833,11.2939,0.08897
F,85.4,-0.3833,11.3187,0.08897
F,85.5,-0.3833,11.3435,0.08897
F,85.6,-0.3833,11.3684,0.08896
F,85.7,-0.3833,11.3934,0.08896
F,85.8,-0.3833,11.4183,0.08896
F,85.9,-0.3833,11.4434,0.08896
F,86.0,-0.3833,11.4684,0.08895
F,86.1,-0.3833,11.4935,0.08895
F,86.2,-0.3833,11.5186,0.08895
F,86.3,-0.3833,11.5437,0.08895
F,86.4,-0.3833,11.5689,0.08895
F,86.5,-0.3833,11.594,0.08895
F,86.6,-0.3833,11.6192,0.08895
F,86.7,-0.3833,11.6444,0.08895
F,86.8,-0.3833,11.6696,0.08895
F,86.9,-0.3833,11.6948,0.08895
F,87.0,-0.3833,11.7201,0.08895
F,87.1,-0.3833,11.7453,0.08895
F,87.2,-0.3833,11.7705,0.08895
F,87.3,-0.3833,11.7957,0.08895
F,87.4,-0.3833,11.8209,0.08895
F,87.5,-0.3833,11.8461,0.08895
F,87.6,-0.3833,11.8713,0.08896
F,87.7,-0.3833,11.8965,0.08896
F,87.8,-0.3833,11.9217,0.08896
F,87.9,-0.3833,11.9468,0.08896
F,88.0,-0.3833,11.972,0.08896
F,88.1,-0.3833,11.9971,0.08897
F,88.2,-0.3833,12.0223,0.08897
F,88.3,-0.3833,12.0474,0.08897
F,88.4,-0.3833,12.0725,0.08898
F,88.5,-0.3833,12.0976,0.08898
F,88.6,-0.3833,12.1227,0.08898
F,88.7,-0.3833,12.1478,0.08899
F,88.8,-0.3833,12.1728,0.08899
F,88.9,-0.3833,12.1978,0.089
F,89.0,-0.3833,12.2229,0.089
F,89.1,-0.3833,12.2479,0.08901
F,89.2,-0.3833,12.2729,0.08901
F,89.3,-0.3833,12.2978,0.08902
F,89.4,-0.3833,12.3228,0.08902
F,89.5,-0.3833,12.3477,0.08903
F,89.6,-0.3833,12.3727,0.08903
F,89.7,-0.3833,12.3976,0.08904
F,89.8,-0.3833,12.4225,0.08904
F,89.9,-0.3833,12.4474,0.08905
F,90.0,-0.3833,12.4723,0.08906
F,90.1,-0.3833,12.4971,0.08906
F,90.2,-0.3833,12.522,0.08907
F,90.3,-0.3833,12.5468,0.08908
F,90.4,-0.3833,12.5717,0.08909
F,90.5,-0.3833,12.5965,0.08909
F,90.6,-0.3833,12.6213,0.0891
F,90.7,-0.3833,12.6461,0.08911
F,90.8,-0.3833,12.6709,0.08912
F,90.9,-0.3833,12.6957,0.08912
F,91.0,-0.3833,12.7205,0.08913
F,91.1,-0.3833,12.7453,0.08914
F,91.2,-0.3833,12.77,0.08915
F,91.3,-0.3833,12.7948,0.08916
F,91.4,-0.3833,12.8196,0.08917
F,91.5,-0.3833,12.8443,0.08918
F,91.6,-0.3833,12.8691,0.08919
F,91.7,-0.3833,12.8939,0.0892
F,91.8,-0.3833,12.9186,0.08921
F,91.9,-0.3833,12.9434,0.08922
F,92.0,-0.3833,12.9681,0.08923
F,92.1,-0.3833,12.9929,0.08924
F,92.2,-0.3833,13.0177,0.08925
F,92.3,-0.3833,13.0424,0.08926
F,92.4,-0.3833,13.0672,0.08927
F,92.5,-0.3833,13.092,0.08928
F,92.6,-0.3833,13.1167,0.0893
F,92.7,-0.3833,13.1415,0.08931
F,92.8,-0.3833,13.1663,0.08932
F,92.9,-0.3833,13.1911,0.08933
F,93.0,-0.3833,13.2158,0.08934
F,93.1,-0.3833,13.2406,0.08936
F,93.2,-0.3833,13.2654,0.08937
F,93.3,-0.3833,13.2902,0.08938
F,93.4,-0.3833,13.3151,0.0894
F,93.5,-0.3833,13.3399,0.08941
F,93.6,-0.3833,13.3647,0.08942
F,93.7,-0.3833,13.3896,0.08944
F,93.8,-0.3833,13.4145,0.08945
F,93.9,-0.3833,13.4394,0.08947
F,94.0,-0.3833,13.4643,0.08948
F,94.1,-0.3833,13.4892,0.08949
F,94.2,-0.3833,13.5142,0.08951
F,94.3,-0.3833,13.5391,0.08952
F,94.4,-0.3833,13.5641,0.08954
F,94.5,-0.3833,13.5892,0.08955
F,94.6,-0.3833,13.6142,0.08957
F,94.7,-0.3833,13.6393,0.08959
F,94.8,-0.3833,13.6644,0.0896
F,94.9,-0.3833,13.6895,0.08962
F,95.0,-0.3833,13.7146,0.08963
F,95.1,-0.3833,13.7398,0.08965
F,95.2,-0.3833,13.765,0.08967
F,95.3,-0.3833,13.7902,0.08968
F,95.4,-0.3833,13.8155,0.0897
F,95.5,-0.3833,13.8408,0.08972
F,95.6,-0.3833,13.8661,0.08974
F,95.7,-0.3833,13.8914,0.08975
F,95.8,-0.3833,13.9168,0.08977
F,95.9,-0.3833,13.9422,0.08979
F,96.0,-0.3833,13.9676,0.08981
F,96.1,-0.3833,13.9931,0.08983
F,96.2,-0.3833,14.0186,0.08984
F,96.3,-0.3833,14.0441,0.08986
F,96.4,-0.3833,14.0697,0.08988
F,96.5,-0.3833,14.0953,0.0899
F,96.6,-0.3833,14.1209,0.08992
F,96.7,-0.3833,14.1466,0.08994
F,96.8,-0.3833,14.1724,0.08996
F,96.9,-0.3833,14.1981,0.08998
F,97.0,-0.3833,14.2239,0.09
F,97.1,-0.3833,14.2498,0.09002
F,97.2,-0.3833,14.2757,0.09004
F,97.3,-0.3833,14.3016,0.09006
F,97.4,-0.3833,14.3276,0.09008
F,97.5,-0.3833,14.3537,0.0901
F,97.6,-0.3833,14.3798,0.09012
F,97.7,-0.3833,14.4059,0.09015
F,97.8,-0.3833,14.4321,0.09017
F,97.9,-0.3833,14.4584,0.09019
F,98.0,-0.3833,14.4848,0.09021
F,98.1,-0.3833,14.5112,0.09023
F,98.2,-0.3833,14.5376,0.09026
F,98.3,-0.3833,14.5642,0.09028
F,98.4,-0.3833,14.5908,0.0903
F,98.5,-0.3833,14.6174,0.09033
F,98.6,-0.3833,14.6442,0.09035
F,98.7,-0.3833,14.671,0.09037
F,98.8,-0.3833,14.6979,0.0904
F,98.9,-0.3833,14.7248,0.09042
F,99.0,-0.3833,14.7519,0.09044
F,99.1,-0.3833,14.779,0.09047
F,99.2,-0.3833,14.8062,0.09049
F,99.3,-0.3833,14.8334,0.09052
F,99.4,-0.3833,14.8608,0.09054
F,99.5,-0.3833,14.8882,0.09057
F,99.6,-0.3833,14.9157,0.09059
F,99.7,-0.3833,14.9434,0.09062
F,99.8,-0.3833,14.9711,0.09064
F,99.9,-0.3833,14.9989,0.09067
F,100.0,-0.3833,15.0267,0.09069
F,100.1,-0.3833,15.0547,0.09072
F,100.2,-0.3833,15.0828,0.09075
F,100.3,-0.3833,15.1109,0.09077
F,100.4,-0.3833,15.1392,0.0908
F,100.5,-0.3833,15.1676,0.09083
F,100.6,-0.3833,15.196,0.09085
F,100.7,-0.3833,15.2246,0.09088
F,100.8,-0.3833,15.2532,0.09091
F,100.9,-0.3833,15.2819,0.09093
F,101.0,-0.3833,15.3108,0.09096
F,101.1,-0.3833,15.3397,0.09099
F,101.2,-0.3833,15.3687,0.09102
F,101.3,-0.3833,15.3979,0.09105
F,101.4,-0.3833,15.4271,0.09107
F,101.5,-0.3833,15.4564,0.0911
F,101.6,-0.3833,15.4858,0.09113
F,101.7,-0.3833,15.5154,0.09116
F,101.8,-0.3833,15.545,0.09119
F,101.9,-0.3833,15.5747,0.09122
F,102.0,-0.3833,15.6046,0.09125
F,102.1,-0.3833,15.6345,0.09128
F,102.2,-0.3833,15.6646,0.09131
F,102.3,-0.3833,15.6947,0.09133
F,102.4,-0.3833,15.725,0.09136
F,102.5,-0.3833,15.7553,0.09139
F,102.6,-0.3833,15.7858,0.09142
F,102.7,-0.3833,15.8164,0.09146
F,102.8,-0.3833,15.847,0.09149
F,102.9,-0.3833,15.8778,0.09152
F,103.0,-0.3833,15.9087,0.09155
F,103.1,-0.3833,15.9396,0.09158
F,103.2,-0.3833,15.9707,0.09161
F,103.3,-0.3833,16.0019,0.09164
F,103.4,-0.3833,16.0332,0.09167
F,103.5,-0.3833,16.0645,0.0917
F,103.6,-0.3833,16.096,0.09173
F,103.7,-0.3833,16.1276,0.09177
F,103.8,-0.3833,16.1593,0.0918
F,103.9,-0.3833,16.191,0.09183
F,104.0,-0.3833,16.2229,0.09186
F,104.1,-0.3833,16.2549,0.0919
F,104.2,-0.3833,16.287,0.09193
F,104.3,-0.3833,16.3191,0.09196
F,104.4,-0.3833,16.3514,0.09199
F,104.5,-0.3833,16.3837,0.09203
F,104.6,-0.3833,16.4162,0.09206
F,104.7,-0.3833,16.4488,0.09209
F,104.8,-0.3833,16.4814,0.09213
F,104.9,-0.3833,16.5142,0.09216
F,105.0,-0.3833,16.547,0.09219
F,105.1,-0.3833,16.58,0.09223
F,105.2,-0.3833,16.6131,0.09226
F,105.3,-0.3833,16.6462,0.09229
F,105.4,-0.3833,16.6795,0.09233
F,105.5,-0.3833,16.7129,0.09236
F,105.6,-0.3833,16.7464,0.0924
F,105.7,-0.3833,16.78,0.09243
F,105.8,-0.3833,16.8137,0.09247
F,105.9,-0.3833,16.8475,0.0925
F,106.0,-0.3833,16.8814,0.09254
F,106.1,-0.3833,16.9154,0.09257
F,106.2,-0.3833,16.9496,0.09261
F,106.3,-0.3833,16.9838,0.09264
F,106.4,-0.3833,17.0182,0.09268
F,106.5,-0.3833,17.0527,0.09271
F,106.6,-0.3833,17.0873,0.09275
F,106.7,-0.3833,17.122,0.09278
F,106.8,-0.3833,17.1569,0.09282
F,106.9,-0.3833,17.1918,0.09286
F,107.0,-0.3833,17.2269,0.09289
F,107.1,-0.3833,17.262,0.09293
F,107.2,-0.3833,17.2973,0.09296
F,107.3,-0.3833,17.3327,0.093
F,107.4,-0.3833,17.3683,0.09304
F,107.5,-0.3833,17.4039,0.09307
F,107.6,-0.3833,17.4397,0.09311
F,107.7,-0.3833,17.4755,0.09315
F,107.8,-0.3833,17.5115,0.09318
F,107.9,-0.3833,17.5476,0.09322
F,108.0,-0.3833,17.5839,0.09326
F,108.1,-0.3833,17.6202,0.09329
F,108.2,-0.3833,17.6567,0.09333
F,108.3,-0.3833,17.6932,0.09337
F,108.4,-0.3833,17.7299,0.09341
F,108.5,-0.3833,17.7668,0.09344
F,108.6,-0.3833,17.8037,0.09348
F,108.7,-0.3833,17.8407,0.09352
F,108.8,-0.3833,17.8779,0.09356
F,108.9,-0.3833,17.9152,0.09359
F,109.0,-0.3833,17.9526,0.09363
F,109.1,-0.3833,17.9901,0.09367
F,109.2,-0.3833,18.0277,0.09371
F,109.3,-0.3833,18.0654,0.09375
F,109.4,-0.3833,18.1033,0.09378
F,109.5,-0.3833,18.1412,0.09382
F,109.6,-0.3833,18.1792,0.09386
F,109.7,-0.3833,18.2174,0.0939
F,109.8,-0.3833,18.2556,0.09394
F,109.9,-0.3833,18.294,0.09397
F,110.0,-0.3833,18.3324,0.09401
